date,close,r
9/1/2021,"1,426.94",-0.0012
8/31/2021,"1,428.66",-0.0017
8/30/2021,"1,431.05",0.0088
8/27/2021,"1,418.57",0.0043
8/26/2021,"1,412.45",-0.0112
8/25/2021,"1,428.51",0.0072
8/24/2021,"1,418.26",0.0044
8/23/2021,"1,412.00",-0.0265
8/20/2021,"1,450.45",-0.0363
8/19/2021,"1,505.01",0.0104
8/18/2021,"1,489.54",-0.0031
8/17/2021,"1,494.12",-0.0044
8/16/2021,"1,500.77",0.0111
8/13/2021,"1,484.25",0.0049
8/12/2021,"1,477.06",-0.0073
8/11/2021,"1,487.91",-0.0043
8/10/2021,"1,494.41",-0.0023
8/9/2021,"1,497.83",0.0142
8/6/2021,"1,476.79",-0.0065
8/5/2021,"1,486.46",0.0097
8/4/2021,"1,472.20",0.0016
8/3/2021,"1,469.87",0.0150
8/2/2021,"1,448.21",0.0007
7/30/2021,"1,447.23",0.0138
7/29/2021,"1,427.55",0.0142
7/28/2021,"1,407.50",-0.0017
7/27/2021,"1,409.85",0.0042
7/26/2021,"1,403.96",0.0017
7/23/2021,"1,401.53",-0.0189
7/22/2021,"1,428.48",0.0156
7/21/2021,"1,406.54",-0.0032
7/20/2021,"1,411.02",0.0268
7/19/2021,"1,374.15",-0.0444
7/16/2021,"1,438.05",0.0054
7/15/2021,"1,430.29",0.0142
7/14/2021,"1,410.30",-0.0212
7/13/2021,"1,440.87",-0.0015
7/12/2021,"1,443.10",-0.0343
7/9/2021,"1,494.43",-0.0176
7/8/2021,"1,521.21",-0.0114
7/7/2021,"1,538.77",0.0338
7/6/2021,"1,488.42",-0.0443
7/5/2021,"1,557.41",0.0018
7/2/2021,"1,554.59",0.0061
7/1/2021,"1,545.14",0.0106
6/30/2021,"1,529.00",-0.0006
6/29/2021,"1,529.97",0.0056
6/28/2021,"1,521.41",0.0141
6/25/2021,"1,500.30",0.0090
6/24/2021,"1,486.96",-0.0017
6/23/2021,"1,489.53",0.0002
6/22/2021,"1,489.24",0.0074
6/21/2021,"1,478.29",-0.0020
6/18/2021,"1,481.30",0.0133
6/17/2021,"1,461.91",-0.0025
6/16/2021,"1,465.58",-0.0144
6/15/2021,"1,487.04",-0.0057
6/14/2021,"1,495.51",0.0053
6/11/2021,"1,487.61",0.0251
6/10/2021,"1,451.18",-0.0045
6/9/2021,"1,457.76",0.0131
6/8/2021,"1,438.97",-0.0304
6/7/2021,"1,484.10",-0.0161
6/4/2021,"1,508.35",0.0026
6/3/2021,"1,504.37",0.0173
6/2/2021,"1,478.85",-0.0027
6/1/2021,"1,482.92",0.0055
5/31/2021,"1,474.78",0.0110
5/28/2021,"1,458.78",0.0149
5/27/2021,"1,437.38",-0.0122
5/26/2021,"1,455.11",0.0077
5/25/2021,"1,444.01",0.0095
5/24/2021,"1,430.48",0.0038
5/21/2021,"1,425.04",0.0001
5/20/2021,"1,424.92",0.0166
5/19/2021,"1,401.71",0.0168
5/18/2021,"1,378.59",0.0053
5/17/2021,"1,371.36",-0.0063
5/14/2021,"1,380.02",0.0072
5/13/2021,"1,370.18",-0.0072
5/12/2021,"1,380.17",0.0154
5/11/2021,"1,359.19",-0.0084
5/10/2021,"1,370.66",0.0223
5/7/2021,"1,340.73",-0.0029
5/6/2021,"1,344.64",-0.0017
5/5/2021,"1,346.89",0.0142
5/4/2021,"1,328.03",0.0120
4/29/2021,"1,312.28",0.0141
4/28/2021,"1,294.06",0.0080
4/27/2021,"1,283.81",0.0069
4/26/2021,"1,275.04",-0.0202
4/23/2021,"1,301.39",0.0235
4/22/2021,"1,271.53",-0.0313
4/20/2021,"1,312.68",0.0049
4/19/2021,"1,306.22",0.0230
4/16/2021,"1,276.87",-0.0057
4/15/2021,"1,284.20",-0.0051
4/14/2021,"1,290.77",0.0105
4/13/2021,"1,277.35",-0.0007
4/12/2021,"1,278.19",0.0199
4/9/2021,"1,253.26",0.0012
4/8/2021,"1,251.81",-0.0047
4/7/2021,"1,257.77",0.0019
4/6/2021,"1,255.36",0.0044
4/5/2021,"1,249.90",0.0096
4/2/2021,"1,238.03",0.0097
4/1/2021,"1,226.16",0.0250
3/31/2021,"1,196.24",0.0045
3/30/2021,"1,190.86",0.0091
3/29/2021,"1,180.07",0.0110
3/26/2021,"1,167.19",0.0022
3/25/2021,"1,164.64",-0.0008
3/24/2021,"1,165.61",-0.0180
3/23/2021,"1,186.98",-0.0096
3/22/2021,"1,198.54",-0.0040
3/19/2021,"1,203.36",-0.0068
3/18/2021,"1,211.54",0.0152
3/17/2021,"1,193.45",0.0047
3/16/2021,"1,187.84",-0.0025
3/15/2021,"1,190.86",0.0026
3/12/2021,"1,187.81",-0.0008
3/11/2021,"1,188.71",0.0140
3/10/2021,"1,172.26",0.0080
3/9/2021,"1,163.00",-0.0060
3/8/2021,"1,170.00",-0.0033
3/5/2021,"1,173.83",-0.0004
3/4/2021,"1,174.29",-0.0178
3/3/2021,"1,195.60",0.0007
3/2/2021,"1,194.71",0.0024
3/1/2021,"1,191.83",0.0155
2/26/2021,"1,173.60",0.0032
2/25/2021,"1,169.82",0.0023
2/24/2021,"1,167.18",-0.0129
2/23/2021,"1,182.47",0.0016
2/22/2021,"1,180.55",0.0000
2/19/2021,"1,180.59",-0.0062
2/18/2021,"1,187.94",0.0111
2/17/2021,"1,174.91",0.0402
2/9/2021,"1,129.49",0.0338
2/8/2021,"1,092.59",-0.0378
2/5/2021,"1,135.50",0.0159
2/4/2021,"1,117.74",-0.0002
2/3/2021,"1,117.98",0.0355
2/2/2021,"1,079.70",0.0484
2/1/2021,"1,029.86",-0.0176
1/29/2021,"1,048.31",0.0372
1/28/2021,"1,010.75",-0.0673
1/27/2021,"1,083.63",-0.0369
1/26/2021,"1,125.09",-0.0253
1/25/2021,"1,154.29",-0.0020
1/22/2021,"1,156.58",0.0046
1/21/2021,"1,151.30",0.0314
1/20/2021,"1,116.21",0.0080
1/19/2021,"1,107.32",-0.0563
1/18/2021,"1,173.34",-0.0075
1/15/2021,"1,182.20",0.0113
1/14/2021,"1,168.99",0.0038
1/13/2021,"1,164.57",-0.0038
1/12/2021,"1,169.03",0.0048
1/11/2021,"1,163.40",0.0135
1/8/2021,"1,147.86",0.0153
1/7/2021,"1,130.59",0.0151
1/6/2021,"1,113.72",0.0085
1/5/2021,"1,104.30",0.0114
1/4/2021,"1,091.87",0.0197
12/31/2020,"1,070.77",0.0110
12/30/2020,"1,059.16",0.0007
12/29/2020,"1,058.39",0.0039
12/28/2020,"1,054.23",0.0020
12/25/2020,"1,052.13",0.0176
12/24/2020,"1,033.95",-0.0112
12/23/2020,"1,045.70",-0.0062
12/22/2020,"1,052.23",0.0024
12/21/2020,"1,049.71",0.0126
12/18/2020,"1,036.65",0.0194
12/17/2020,"1,016.95",-0.0124
12/16/2020,"1,029.72",0.0165
12/15/2020,"1,013.02",-0.0110
12/14/2020,"1,024.28",0.0155
12/11/2020,"1,008.65",0.0145
12/10/2020,994.28,-0.0097
12/9/2020,"1,004.03",0.0105
12/8/2020,993.61,0.0016
12/7/2020,992.01,0.0078
12/4/2020,984.34,-0.0011
12/3/2020,985.44,0.0056
12/2/2020,979.95,0.0037
12/1/2020,976.35,0.0108
11/30/2020,965.89,-0.0054
11/27/2020,971.11,0.0072
11/26/2020,964.16,0.0037
11/25/2020,960.63,0.0011
11/24/2020,959.61,-0.0004
11/23/2020,960.03,0.0096
11/20/2020,950.89,0.0063
11/19/2020,944.92,0.0077
11/18/2020,937.67,0.0032
11/17/2020,934.65,0.0204
11/16/2020,915.97,-0.0164
11/13/2020,931.2,0.0089
11/12/2020,923,0.0069
11/11/2020,916.68,0.0002
11/10/2020,916.5,-0.0010
11/9/2020,917.42,0.0161
11/6/2020,902.91,-0.0008
11/5/2020,903.64,-0.0020
11/4/2020,905.48,0.0037
11/3/2020,902.14,0.0032
11/2/2020,899.27,0.0075
10/30/2020,892.55,0.0066
10/29/2020,886.68,-0.0025
10/28/2020,888.88,-0.0290
10/27/2020,915.46,-0.0045
10/26/2020,919.56,-0.0115
10/23/2020,930.3,0.0131
10/22/2020,918.3,0.0135
10/21/2020,906.1,-0.0037
10/20/2020,909.49,0.0066
10/19/2020,903.51,0.0021
10/16/2020,901.59,0.0027
10/15/2020,899.2,0.0079
10/14/2020,892.15,0.0157
10/13/2020,878.35,0.0039
10/12/2020,874.9,0.0004
10/9/2020,874.53,0.0054
10/8/2020,869.82,-0.0012
10/7/2020,870.85,-0.0006
10/6/2020,871.37,0.0042
10/5/2020,867.7,0.0072
10/2/2020,861.51,-0.0070
10/1/2020,867.58,0.0105
9/30/2020,858.54,0.0027
9/29/2020,856.2,-0.0082
9/28/2020,863.31,0.0101
9/25/2020,854.71,0.0018
9/24/2020,853.21,-0.0059
9/23/2020,858.3,0.0065
9/22/2020,852.72,0.0014
9/21/2020,851.54,0.0122
9/18/2020,841.26,0.0113
9/17/2020,831.84,-0.0032
9/16/2020,834.5,0.0014
9/15/2020,833.33,0.0013
9/14/2020,832.24,0.0081
9/11/2020,825.56,-0.0004
9/10/2020,825.85,0.0017
9/9/2020,824.42,-0.0038
9/8/2020,827.57,0.0039
9/7/2020,824.36,-0.0192
9/4/2020,840.54,-0.0037
9/3/2020,843.64,0.0140
9/1/2020,832.03,0.0098
8/31/2020,823.93,0.0024
8/28/2020,821.93,0.0091
8/27/2020,814.55,0.0027
8/26/2020,812.36,-0.0035
8/25/2020,815.18,0.0068
8/24/2020,809.69,0.0203
8/21/2020,793.6,0.0095
8/20/2020,786.11,-0.0042
8/19/2020,789.41,0.0031
8/18/2020,786.95,-0.0058
8/17/2020,791.54,-0.0006
8/14/2020,791.98,-0.0039
8/13/2020,795.09,0.0085
8/12/2020,788.42,0.0049
8/11/2020,784.57,0.0003
8/10/2020,784.3,0.0027
8/7/2020,782.15,0.0007
8/6/2020,781.6,0.0011
8/5/2020,780.71,0.0163
8/4/2020,768.22,0.0137
8/3/2020,757.86,0.0231
7/31/2020,740.73,-0.0071
7/30/2020,746.02,0.0148
7/29/2020,735.16,-0.0278
7/28/2020,756.17,0.0359
7/27/2020,729.93,-0.0548
7/24/2020,772.29,-0.0350
7/23/2020,800.29,0.0031
7/22/2020,797.85,-0.0085
7/21/2020,804.7,0.0017
7/20/2020,803.36,-0.0133
7/17/2020,814.16,-0.0069
7/16/2020,819.83,0.0119
7/15/2020,810.16,0.0059
7/14/2020,805.37,-0.0010
7/13/2020,806.17,-0.0035
7/10/2020,809.02,-0.0099
7/9/2020,817.08,0.0149
7/8/2020,805.06,-0.0008
7/7/2020,805.68,0.0028
7/6/2020,803.46,0.0172
7/3/2020,789.87,0.0054
7/2/2020,785.59,-0.0016
7/1/2020,786.82,0.0211
6/30/2020,770.53,-0.0055
6/29/2020,774.81,-0.0260
6/26/2020,795.53,-0.0012
6/25/2020,796.51,-0.0064
6/24/2020,801.62,-0.0074
6/23/2020,807.61,-0.0029
6/22/2020,809.97,0.0021
6/19/2020,808.28,0.0141
6/18/2020,797.08,0.0008
6/17/2020,796.43,-0.0030
6/16/2020,798.82,0.0258
6/15/2020,778.71,-0.0360
6/12/2020,807.76,0.0011
6/11/2020,806.87,-0.0384
6/10/2020,839.11,0.0025
6/9/2020,837.02,-0.0018
6/8/2020,838.52,0.0146
6/5/2020,826.47,0.0033
6/4/2020,823.77,-0.0006
6/3/2020,824.29,0.0068
6/2/2020,818.7,-0.0034
6/1/2020,821.47,0.0189
5/29/2020,806.23,0.0027
5/28/2020,804.06,0.0034
5/27/2020,801.36,-0.0167
5/26/2020,815.01,0.0096
5/25/2020,807.25,0.0051
5/22/2020,803.14,-0.0152
5/21/2020,815.55,0.0152
5/20/2020,803.32,0.0050
5/19/2020,799.31,0.0153
5/18/2020,787.27,0.0172
5/15/2020,773.95,-0.0087
5/14/2020,780.73,-0.0038
5/13/2020,783.69,0.0016
5/12/2020,782.45,0.0068
5/11/2020,777.13,0.0223
5/8/2020,760.15,0.0273
5/7/2020,739.98,0.0193
5/6/2020,725.94,0.0210
5/5/2020,711.01,0.0023
5/4/2020,709.35,-0.0084
4/29/2020,715.33,-0.0006
4/28/2020,715.74,-0.0054
4/27/2020,719.66,-0.0074
4/24/2020,725.05,0.0105
4/23/2020,717.49,0.0043
4/22/2020,714.42,0.0110
4/21/2020,706.65,-0.0403
4/20/2020,736.31,0.0018
4/17/2020,734.98,0.0116
4/16/2020,726.57,0.0052
4/15/2020,722.8,0.0126
4/14/2020,713.81,0.0105
4/13/2020,706.37,0.0153
4/10/2020,695.74,-0.0030
4/9/2020,697.85,0.0097
4/8/2020,691.17,-0.0035
4/7/2020,693.61,0.0161
4/6/2020,682.65,0.0516
4/3/2020,649.15,0.0324
4/1/2020,628.79,0.0295
3/31/2020,610.76,-0.0037
3/30/2020,613.02,-0.0455
3/27/2020,642.23,-0.0069
3/26/2020,646.7,-0.0086
3/25/2020,652.31,0.0430
3/24/2020,625.43,-0.0117
3/23/2020,632.86,-0.0606
3/20/2020,673.7,-0.0086
3/19/2020,679.55,-0.0301
3/18/2020,700.65,0.0013
3/17/2020,699.73,0.0022
3/16/2020,698.18,-0.0258
3/13/2020,716.65,-0.0036
3/12/2020,719.21,-0.0514
3/11/2020,758.16,-0.0397
3/10/2020,789.51,0.0085
3/9/2020,782.85,-0.0635
3/6/2020,835.97,-0.0038
3/5/2020,839.12,0.0013
3/4/2020,837.99,0.0000
3/3/2020,837.99,0.0031
3/2/2020,835.42,0.0041
2/28/2020,831.97,-0.0193
2/27/2020,848.34,0.0079
2/26/2020,841.68,-0.0093
2/25/2020,849.58,0.0145
2/24/2020,837.4,-0.0362
2/21/2020,868.89,-0.0029
2/20/2020,871.4,0.0088
2/19/2020,863.84,0.0025
2/18/2020,861.71,-0.0053
2/17/2020,866.27,0.0005
2/14/2020,865.86,0.0020
2/13/2020,864.16,0.0011
2/12/2020,863.23,0.0080
2/11/2020,856.39,0.0041
2/10/2020,852.87,-0.0123
2/7/2020,863.49,0.0007
2/6/2020,862.86,0.0208
2/5/2020,845.31,-0.0002
2/4/2020,845.52,0.0034
2/3/2020,842.67,-0.0070
1/31/2020,848.63,-0.0310
1/30/2020,875.82,-0.0366
1/22/2020,909.09,0.0028
1/21/2020,906.52,0.0102
1/20/2020,897.4,0.0029
1/17/2020,894.84,0.0032
1/16/2020,891.96,0.0075
1/15/2020,885.36,0.0007
1/14/2020,884.77,0.0034
1/13/2020,881.79,-0.0042
1/10/2020,885.52,0.0088
1/9/2020,877.76,0.0145
1/8/2020,865.18,-0.0131
1/7/2020,876.7,0.0050
1/6/2020,872.34,-0.0124
1/3/2020,883.28,-0.0041
1/2/2020,886.88,0.0089
12/31/2019,879.06,-0.0014
12/30/2019,880.29,0.0045
12/27/2019,876.38,0.0049
12/26/2019,872.07,-0.0013
12/25/2019,873.18,0.0038
12/24/2019,869.88,0.0019
12/23/2019,868.2,-0.0002
12/20/2019,868.37,0.0071
12/19/2019,862.23,-0.0011
12/18/2019,863.16,-0.0049
12/17/2019,867.44,-0.0105
12/16/2019,876.65,-0.0044
12/13/2019,880.55,-0.0048
12/12/2019,884.8,0.0074
12/11/2019,878.27,0.0059
12/10/2019,873.16,-0.0077
12/9/2019,879.94,-0.0006
12/6/2019,880.43,0.0013
12/5/2019,879.32,-0.0048
12/4/2019,883.56,0.0171
12/3/2019,868.68,-0.0073
12/2/2019,875.1,-0.0139
11/29/2019,887.47,0.0020
11/28/2019,885.7,-0.0105
11/27/2019,895.06,-0.0027
11/26/2019,897.5,0.0030
11/25/2019,894.8,0.0028
11/22/2019,892.31,-0.0066
11/21/2019,898.23,-0.0205
11/20/2019,917,-0.0098
11/19/2019,926.07,0.0056
11/18/2019,920.95,-0.0069
11/15/2019,927.36,-0.0012
11/14/2019,928.44,-0.0045
11/13/2019,932.6,-0.0077
11/12/2019,939.82,0.0001
11/11/2019,939.72,-0.0053
11/8/2019,944.7,0.0005
11/7/2019,944.25,0.0020
11/6/2019,942.38,0.0000
11/5/2019,942.34,0.0022
11/4/2019,940.25,0.0072
11/1/2019,933.55,0.0118
10/31/2019,922.68,-0.0026
10/30/2019,925.07,0.0012
10/29/2019,923.97,-0.0022
10/28/2019,925.97,-0.0012
10/25/2019,927.05,0.0019
10/24/2019,925.25,0.0061
10/23/2019,919.61,0.0031
10/22/2019,916.81,0.0031
10/21/2019,914,-0.0056
10/18/2019,919.13,0.0000
10/17/2019,919.1,-0.0060
10/16/2019,924.64,0.0015
10/15/2019,923.27,0.0015
10/14/2019,921.91,0.0057
10/11/2019,916.68,0.0040
10/10/2019,913.05,-0.0016
10/9/2019,914.54,-0.0008
10/8/2019,915.27,0.0086
10/7/2019,907.5,-0.0084
10/4/2019,915.16,-0.0071
10/3/2019,921.7,0.0021
10/2/2019,919.73,-0.0071
10/1/2019,926.31,0.0037
9/30/2019,922.89,-0.0021
9/27/2019,924.83,0.0073
9/26/2019,918.1,0.0062
9/25/2019,912.42,0.0018
9/24/2019,910.76,0.0009
9/23/2019,909.98,-0.0057
9/20/2019,915.16,-0.0040
9/19/2019,918.88,0.0059
9/18/2019,913.48,0.0012
9/17/2019,912.38,0.0042
9/16/2019,908.6,0.0039
9/13/2019,905.05,0.0120
9/12/2019,894.32,0.0099
9/11/2019,885.52,0.0028
9/10/2019,883.04,-0.0029
9/9/2019,885.61,-0.0004
9/6/2019,885.95,-0.0002
9/5/2019,886.1,-0.0011
9/4/2019,887.12,-0.0021
9/3/2019,888.97,-0.0040
8/30/2019,892.51,0.0038
8/29/2019,889.13,0.0034
8/28/2019,886.08,-0.0009
8/27/2019,886.91,-0.0062
8/26/2019,892.48,-0.0089
8/23/2019,900.53,-0.0008
8/22/2019,901.29,0.0008
8/21/2019,900.54,0.0068
8/20/2019,894.45,0.0030
8/19/2019,891.78,-0.0007
8/16/2019,892.44,0.0019
8/15/2019,890.78,0.0117
8/14/2019,880.51,0.0029
8/13/2019,877.97,-0.0048
8/12/2019,882.23,0.0041
8/9/2019,878.62,0.0032
8/8/2019,875.81,0.0087
8/7/2019,868.27,0.0025
8/6/2019,866.13,-0.0072
8/5/2019,872.39,-0.0146
8/2/2019,885.29,-0.0024
8/1/2019,887.39,0.0048
7/31/2019,883.19,0.0060
7/30/2019,877.92,-0.0120
7/29/2019,888.54,0.0008
7/26/2019,887.84,-0.0029
7/25/2019,890.41,0.0034
7/24/2019,887.39,-0.0010
7/23/2019,888.26,0.0098
7/22/2019,879.62,-0.0013
7/19/2019,880.79,0.0115
7/18/2019,870.81,-0.0102
7/17/2019,879.75,-0.0013
7/16/2019,880.91,0.0082
7/15/2019,873.71,-0.0015
7/12/2019,874.99,-0.0047
7/11/2019,879.1,0.0034
7/10/2019,876.12,0.0045
7/9/2019,872.21,0.0015
7/8/2019,870.92,-0.0106
7/5/2019,880.23,0.0006
7/4/2019,879.72,0.0117
7/3/2019,869.58,-0.0038
7/2/2019,872.92,-0.0038
7/1/2019,876.26,0.0139
6/28/2019,864.24,0.0115
6/27/2019,854.41,-0.0143
6/26/2019,866.81,-0.0019
6/25/2019,868.5,-0.0005
6/24/2019,868.94,0.0028
6/21/2019,866.53,0.0022
6/20/2019,864.59,0.0120
6/19/2019,854.34,0.0073
6/18/2019,848.17,-0.0057
6/17/2019,852.99,-0.0101
6/14/2019,861.65,0.0023
6/13/2019,859.68,-0.0066
6/12/2019,865.42,-0.0063
6/11/2019,870.91,-0.0018
6/10/2019,872.49,0.0034
6/7/2019,869.56,0.0096
6/6/2019,861.31,-0.0028
6/5/2019,863.69,-0.0008
6/4/2019,864.35,0.0003
6/3/2019,864.08,-0.0139
5/31/2019,876.29,-0.0080
5/30/2019,883.37,-0.0002
5/29/2019,883.52,-0.0020
5/28/2019,885.27,-0.0044
5/27/2019,889.2,0.0053
5/24/2019,884.48,-0.0118
5/23/2019,895.07,-0.0029
5/22/2019,897.66,-0.0041
5/21/2019,901.36,0.0003
5/20/2019,901.06,0.0118
5/17/2019,890.53,-0.0016
5/16/2019,891.93,-0.0014
5/15/2019,893.22,0.0120
5/14/2019,882.67,0.0034
5/13/2019,879.64,0.0036
5/10/2019,876.45,0.0057
5/9/2019,871.5,-0.0015
5/8/2019,872.78,-0.0048
5/7/2019,877.02,-0.0020
5/6/2019,878.8,-0.0186
5/3/2019,895.42,0.0017
5/2/2019,893.87,0.0037
4/26/2019,890.55,0.0055
4/25/2019,885.65,-0.0034
4/24/2019,888.65,0.0118
4/23/2019,878.29,0.0001
4/22/2019,878.23,-0.0026
4/19/2019,880.52,0.0040
4/18/2019,877.02,-0.0098
4/17/2019,885.66,-0.0024
4/16/2019,887.76,-0.0060
4/12/2019,893.1,-0.0033
4/11/2019,896.04,0.0032
4/10/2019,893.19,-0.0076
4/9/2019,900.07,-0.0071
4/8/2019,906.55,0.0021
4/5/2019,904.69,0.0004
4/4/2019,904.33,0.0031
4/3/2019,901.5,-0.0023
4/2/2019,903.59,-0.0025
4/1/2019,905.87,0.0064
3/29/2019,900.13,-0.0017
3/28/2019,901.65,-0.0001
3/27/2019,901.76,0.0080
3/26/2019,894.58,0.0013
3/25/2019,893.4,-0.0207
3/22/2019,912.27,0.0048
3/21/2019,907.87,-0.0176
3/20/2019,924.12,-0.0037
3/19/2019,927.56,-0.0056
3/18/2019,932.75,0.0061
3/15/2019,927.06,-0.0079
3/14/2019,934.42,-0.0011
3/13/2019,935.41,0.0060
3/12/2019,929.86,0.0149
3/11/2019,916.24,0.0016
3/8/2019,914.74,-0.0082
3/7/2019,922.29,-0.0014
3/6/2019,923.58,-0.0001
3/5/2019,923.66,-0.0051
3/4/2019,928.42,0.0143
3/1/2019,915.32,0.0114
2/28/2019,904.98,-0.0275
2/27/2019,930.54,0.0011
2/26/2019,929.51,-0.0106
2/25/2019,939.47,0.0107
2/22/2019,929.5,0.0037
2/21/2019,926.09,0.0157
2/20/2019,911.8,0.0044
2/19/2019,907.82,0.0032
2/18/2019,904.93,0.0080
2/15/2019,897.74,-0.0026
2/14/2019,900.12,0.0030
2/13/2019,897.42,0.0102
2/12/2019,888.33,0.0110
2/11/2019,878.67,0.0219
2/1/2019,859.81,-0.0072
1/31/2019,866.06,-0.0036
1/30/2019,869.16,-0.0033
1/29/2019,872.03,0.0038
1/28/2019,868.76,0.0012
1/25/2019,867.7,0.0025
1/24/2019,865.52,0.0044
1/23/2019,861.73,0.0030
1/22/2019,859.17,-0.0057
1/21/2019,864.1,0.0109
1/18/2019,854.79,0.0017
1/17/2019,853.34,-0.0127
1/16/2019,864.29,-0.0009
1/15/2019,865.1,0.0066
1/14/2019,859.42,-0.0010
1/11/2019,860.3,0.0027
1/10/2019,857.95,0.0029
1/9/2019,855.51,0.0119
1/8/2019,845.43,-0.0070
1/7/2019,851.41,0.0134
1/4/2019,840.17,0.0016
1/3/2019,838.79,-0.0197
1/2/2019,855.66,0.0008
12/28/2018,854.99,-0.0121
12/27/2018,865.45,0.0051
12/26/2018,861.02,-0.0054
12/25/2018,865.69,-0.0091
12/24/2018,873.64,0.0006
12/21/2018,873.09,-0.0045
12/20/2018,877.03,-0.0065
12/19/2018,882.79,-0.0089
12/18/2018,890.68,-0.0119
12/17/2018,901.41,-0.0189
12/14/2018,918.79,-0.0109
12/13/2018,928.9,0.0013
12/12/2018,927.7,0.0058
12/11/2018,922.34,-0.0005
12/10/2018,922.82,-0.0073
12/7/2018,929.59,0.0073
12/6/2018,922.86,-0.0030
12/5/2018,925.68,-0.0019
12/4/2018,927.46,0.0062
12/3/2018,921.72,0.0301
11/30/2018,894.79,-0.0031
11/29/2018,897.58,-0.0042
11/28/2018,901.4,0.0068
11/27/2018,895.3,0.0003
11/26/2018,895.05,0.0050
11/23/2018,890.62,-0.0092
11/22/2018,898.9,0.0020
11/21/2018,897.1,0.0045
11/20/2018,893.09,0.0049
11/19/2018,888.76,0.0225
11/16/2018,869.24,0.0049
11/15/2018,864.98,-0.0075
11/14/2018,871.55,-0.0027
11/13/2018,873.87,-0.0161
11/12/2018,888.2,0.0029
11/9/2018,885.65,-0.0164
11/8/2018,900.4,0.0013
11/7/2018,899.25,-0.0004
11/6/2018,899.61,-0.0058
11/5/2018,904.83,0.0015
11/2/2018,903.43,0.0177
11/1/2018,887.72,-0.0154
10/31/2018,901.57,0.0315
10/30/2018,874.06,-0.0004
10/29/2018,874.43,-0.0075
10/26/2018,881.06,-0.0088
10/25/2018,888.86,-0.0085
10/24/2018,896.5,-0.0127
10/23/2018,908,-0.0160
10/22/2018,922.75,-0.0096
10/19/2018,931.69,-0.0062
10/18/2018,937.54,-0.0088
10/17/2018,945.91,0.0069
10/16/2018,939.41,0.0117
10/15/2018,928.55,-0.0158
10/12/2018,943.49,0.0255
10/11/2018,920.02,-0.0479
10/10/2018,966.27,-0.0011
10/9/2018,967.37,-0.0030
10/8/2018,970.28,-0.0107
10/5/2018,980.75,-0.0129
10/4/2018,993.61,0.0030
10/3/2018,990.6,0.0028
10/2/2018,987.88,-0.0026
10/1/2018,990.41,-0.0043
9/28/2018,994.73,0.0053
9/27/2018,989.45,0.0051
9/26/2018,984.39,-0.0007
9/25/2018,985.11,-0.0005
9/24/2018,985.59,0.0115
9/21/2018,974.43,0.0033
9/20/2018,971.18,0.0088
9/19/2018,962.7,0.0031
9/18/2018,959.75,0.0062
9/17/2018,953.79,-0.0068
9/14/2018,960.33,0.0033
9/13/2018,957.17,-0.0016
9/12/2018,958.67,-0.0003
9/11/2018,958.91,0.0165
9/10/2018,943.31,-0.0024
9/7/2018,945.59,0.0145
9/6/2018,932.12,-0.0094
9/5/2018,941,-0.0107
9/4/2018,951.14,-0.0187
8/31/2018,969.23,-0.0064
8/30/2018,975.43,0.0108
8/29/2018,964.99,-0.0062
8/28/2018,971.01,0.0046
8/27/2018,966.55,0.0064
8/24/2018,960.42,-0.0005
8/23/2018,960.94,0.0014
8/22/2018,959.63,0.0046
8/21/2018,955.27,0.0102
8/20/2018,945.65,-0.0038
8/17/2018,949.23,-0.0010
8/16/2018,950.18,0.0025
8/15/2018,947.82,-0.0184
8/14/2018,965.6,0.0058
8/13/2018,960.02,0.0123
8/10/2018,948.32,0.0047
8/9/2018,943.91,-0.0021
8/8/2018,945.89,0.0096
8/7/2018,936.92,-0.0031
8/6/2018,939.84,-0.0014
8/3/2018,941.12,0.0035
8/2/2018,937.86,-0.0015
8/1/2018,939.31,-0.0054
7/31/2018,944.38,0.0051
7/30/2018,939.6,0.0134
7/27/2018,927.19,0.0064
7/26/2018,921.33,0.0062
7/25/2018,915.68,-0.0085
7/24/2018,923.53,-0.0084
7/23/2018,931.31,0.0052
7/20/2018,926.5,-0.0155
7/19/2018,941.09,0.0061
7/18/2018,935.42,0.0217
7/17/2018,915.53,0.0126
7/16/2018,904.18,0.0053
7/13/2018,899.45,0.0176
7/12/2018,883.87,0.0031
7/11/2018,881.14,-0.0187
7/10/2018,897.96,-0.0009
7/9/2018,898.73,-0.0076
7/6/2018,905.62,0.0247
7/5/2018,883.77,-0.0190
7/4/2018,900.89,0.0100
7/3/2018,891.97,-0.0410
7/2/2018,930.12,-0.0184
6/29/2018,947.55,0.0005
6/28/2018,947.03,-0.0148
6/27/2018,961.29,-0.0129
6/26/2018,973.9,-0.0083
6/25/2018,982.09,0.0093
6/22/2018,973.05,0.0181
6/21/2018,955.75,-0.0115
6/20/2018,966.86,0.0230
6/19/2018,945.11,-0.0260
6/18/2018,970.35,-0.0345
6/15/2018,"1,005.04",0.0007
6/14/2018,"1,004.31",-0.0140
6/13/2018,"1,018.59",0.0097
6/12/2018,"1,008.76",-0.0157
6/11/2018,"1,024.85",-0.0010
6/8/2018,"1,025.87",-0.0009
6/7/2018,"1,026.75",0.0039
6/6/2018,"1,022.72",0.0153
6/5/2018,"1,007.32",0.0107
6/4/2018,996.67,0.0284
6/1/2018,969.15,0.0231
5/31/2018,947.31,0.0312
5/30/2018,918.64,-0.0068
5/29/2018,924.9,0.0300
5/28/2018,898,-0.0409
5/25/2018,936.32,-0.0252
5/24/2018,960.55,-0.0082
5/23/2018,968.54,0.0100
5/22/2018,958.95,-0.0384
5/21/2018,997.21,-0.0245
5/18/2018,"1,022.21",0.0150
5/17/2018,"1,007.09",-0.0263
5/16/2018,"1,034.30",-0.0201
5/15/2018,"1,055.49",0.0038
5/14/2018,"1,051.45",0.0200
5/11/2018,"1,030.79",0.0109
5/10/2018,"1,019.69",-0.0255
5/9/2018,"1,046.39",-0.0014
5/8/2018,"1,047.83",-0.0002
5/7/2018,"1,048.03",0.0367
5/4/2018,"1,010.89",0.0005
5/3/2018,"1,010.35",-0.0025
5/2/2018,"1,012.84",-0.0147
4/27/2018,"1,027.97",0.0088
4/26/2018,"1,018.97",-0.0332
4/24/2018,"1,053.99",-0.0013
4/23/2018,"1,055.37",-0.0313
4/20/2018,"1,089.45",0.0219
4/19/2018,"1,066.09",-0.0445
4/18/2018,"1,115.70",-0.0129
4/17/2018,"1,130.32",0.0020
4/16/2018,"1,128.03",-0.0054
4/13/2018,"1,134.21",-0.0081
4/12/2018,"1,143.50",0.0055
4/11/2018,"1,137.20",-0.0264
4/10/2018,"1,168.06",-0.0082
4/9/2018,"1,177.68",0.0028
4/6/2018,"1,174.37",0.0045
4/5/2018,"1,169.12",0.0029
4/4/2018,"1,165.75",0.0041
4/3/2018,"1,160.97",-0.0087
4/2/2018,"1,171.21",0.0157
3/30/2018,"1,153.08",0.0073
3/29/2018,"1,144.74",-0.0055
3/28/2018,"1,151.09",0.0007
3/27/2018,"1,150.30",0.0031
3/26/2018,"1,146.73",0.0158
3/23/2018,"1,128.93",-0.0137
3/22/2018,"1,144.58",-0.0023
3/21/2018,"1,147.26",0.0115
3/20/2018,"1,134.19",0.0035
3/19/2018,"1,130.26",0.0156
3/16/2018,"1,112.93",0.0024
3/15/2018,"1,110.26",-0.0043
3/14/2018,"1,115.00",0.0033
3/13/2018,"1,111.38",0.0040
3/12/2018,"1,106.97",0.0004
3/9/2018,"1,106.54",0.0014
3/8/2018,"1,105.03",0.0118
3/7/2018,"1,092.17",-0.0101
3/6/2018,"1,103.31",0.0208
3/5/2018,"1,080.83",-0.0236
3/2/2018,"1,106.92",0.0010
3/1/2018,"1,105.84",-0.0022
2/28/2018,"1,108.23",0.0019
2/27/2018,"1,106.09",0.0058
2/26/2018,"1,099.71",0.0089
2/23/2018,"1,089.96",0.0241
2/22/2018,"1,064.28",-0.0104
2/21/2018,"1,075.47",0.0203
2/13/2018,"1,054.09",0.0187
2/12/2018,"1,034.76",0.0381
2/9/2018,996.77,-0.0166
2/8/2018,"1,013.56",-0.0168
2/7/2018,"1,030.91",0.0230
2/6/2018,"1,007.72",-0.0264
2/5/2018,"1,035.02",-0.0508
2/2/2018,"1,090.40",0.0032
2/1/2018,"1,086.90",-0.0082
1/31/2018,"1,095.90",-0.0030
1/30/2018,"1,099.16",0.0022
1/29/2018,"1,096.78",-0.0069
1/26/2018,"1,104.42",0.0081
1/25/2018,"1,095.52",0.0118
1/23/2018,"1,082.71",0.0000
1/22/2018,"1,082.71",0.0278
1/19/2018,"1,053.47",0.0047
1/18/2018,"1,048.56",0.0180
1/17/2018,"1,030.00",-0.0299
1/16/2018,"1,061.78",-0.0013
1/15/2018,"1,063.11",0.0126
1/12/2018,"1,049.86",0.0025
1/11/2018,"1,047.20",0.0072
1/10/2018,"1,039.70",0.0001
1/9/2018,"1,039.64",0.0158
1/8/2018,"1,023.50",0.0156
1/5/2018,"1,007.73",-0.0063
1/4/2018,"1,014.15",0.0094
1/3/2018,"1,004.66",0.0120
1/2/2018,992.72,0.0176
12/29/2017,975.52,0.0089
12/28/2017,966.91,0.0093
12/27/2017,958.02,0.0024
12/26/2017,955.73,0.0068
12/25/2017,949.28,0.0036
12/22/2017,945.88,0.0100
12/21/2017,936.53,-0.0129
12/20/2017,948.78,0.0012
12/19/2017,947.62,-0.0034
12/18/2017,950.81,0.0260
12/15/2017,926.7,-0.0016
12/14/2017,928.21,0.0163
12/13/2017,913.33,-0.0016
12/12/2017,914.82,0.0072
12/11/2017,908.29,-0.0236
12/8/2017,930.25,0.0016
12/7/2017,928.74,-0.0110
12/6/2017,939.06,-0.0053
12/5/2017,944.07,-0.0231
12/4/2017,966.44,0.0147
12/1/2017,952.46,0.0100
11/30/2017,943.05,-0.0037
11/29/2017,946.55,0.0116
11/28/2017,935.74,0.0052
11/27/2017,930.9,0.0051
11/24/2017,926.21,0.0036
11/23/2017,922.92,0.0008
11/22/2017,922.18,0.0128
11/21/2017,910.54,0.0125
11/20/2017,899.31,0.0134
11/17/2017,887.41,-0.0029
11/16/2017,890.01,0.0142
11/15/2017,877.58,0.0075
11/14/2017,871.08,0.0034
11/13/2017,868.11,0.0111
11/10/2017,858.55,0.0064
11/9/2017,853.05,-0.0006
11/8/2017,853.57,0.0089
11/7/2017,846.03,0.0015
11/6/2017,844.73,0.0056
11/3/2017,840.04,0.0150
11/2/2017,827.66,-0.0092
11/1/2017,835.38,0.0045
10/31/2017,831.62,-0.0070
10/30/2017,837.52,0.0031
10/27/2017,834.91,0.0151
10/26/2017,822.53,0.0013
10/25/2017,821.45,0.0076
10/24/2017,815.24,0.0073
10/23/2017,809.36,-0.0057
10/20/2017,813.99,-0.0042
10/19/2017,817.39,0.0007
10/18/2017,816.84,-0.0020
10/17/2017,818.48,0.0082
10/16/2017,811.85,-0.0044
10/13/2017,815.47,0.0073
10/12/2017,809.6,0.0034
10/11/2017,806.83,0.0019
10/10/2017,805.3,0.0048
10/9/2017,801.49,0.0013
10/6/2017,800.42,0.0038
10/5/2017,797.42,0.0021
10/4/2017,795.76,0.0111
10/3/2017,787.02,-0.0047
10/2/2017,790.7,-0.0025
9/29/2017,792.72,0.0025
9/28/2017,790.75,0.0031
9/27/2017,788.31,-0.0035
9/26/2017,791.05,0.0015
9/25/2017,789.89,0.0002
9/22/2017,789.7,0.0042
9/21/2017,786.41,-0.0051
9/20/2017,790.48,-0.0028
9/19/2017,792.68,-0.0013
9/18/2017,793.7,0.0053
9/15/2017,789.49,0.0001
9/14/2017,789.41,0.0038
9/13/2017,786.43,0.0050
9/12/2017,782.54,0.0038
9/11/2017,779.58,-0.0066
9/8/2017,784.74,0.0071
9/7/2017,779.2,0.0029
9/6/2017,776.97,-0.0001
9/5/2017,777.02,0.0038
9/1/2017,774.06,0.0052
8/31/2017,770.08,0.0072
8/30/2017,764.57,0.0132
8/29/2017,754.59,-0.0045
8/28/2017,758.02,0.0092
8/25/2017,751.14,0.0046
8/24/2017,747.72,0.0062
8/23/2017,743.1,0.0066
8/22/2017,738.2,-0.0073
8/21/2017,743.66,-0.0009
8/18/2017,744.3,0.0015
8/17/2017,743.2,-0.0082
8/16/2017,749.37,0.0044
8/15/2017,746.07,-0.0071
8/14/2017,751.39,0.0086
8/11/2017,744.99,0.0021
8/10/2017,743.42,0.0028
8/9/2017,741.36,-0.0225
8/8/2017,758.42,-0.0061
8/7/2017,763.08,0.0022
8/4/2017,761.44,0.0047
8/3/2017,757.88,0.0024
8/2/2017,756.04,-0.0031
8/1/2017,758.36,0.0028
7/31/2017,756.24,0.0085
7/28/2017,749.86,0.0083
7/27/2017,743.7,-0.0028
7/26/2017,745.79,0.0107
7/25/2017,737.93,0.0115
7/24/2017,729.54,0.0015
7/21/2017,728.47,-0.0111
7/20/2017,736.64,-0.0015
7/19/2017,737.77,-0.0048
7/18/2017,741.32,-0.0057
7/17/2017,745.59,-0.0189
7/14/2017,759.97,-0.0018
7/13/2017,761.36,0.0050
7/12/2017,757.57,0.0064
7/11/2017,752.75,0.0026
7/10/2017,750.79,-0.0142
7/7/2017,761.61,-0.0116
7/6/2017,770.58,0.0061
7/5/2017,765.87,0.0026
7/4/2017,763.92,-0.0025
7/3/2017,765.8,0.0005
6/30/2017,765.41,0.0055
6/29/2017,761.21,0.0054
6/28/2017,757.1,0.0027
6/27/2017,755.07,-0.0075
6/26/2017,760.8,0.0034
6/23/2017,758.24,0.0004
6/22/2017,757.94,-0.0025
6/21/2017,759.84,0.0002
6/20/2017,759.67,0.0029
6/19/2017,757.5,0.0099
6/16/2017,750.07,0.0047
6/15/2017,746.59,0.0014
6/14/2017,745.53,0.0056
6/13/2017,741.39,0.0061
6/12/2017,736.86,-0.0045
6/9/2017,740.2,0.0036
6/8/2017,737.52,0.0005
6/7/2017,737.18,0.0061
6/6/2017,732.69,0.0152
6/5/2017,721.74,0.0047
6/2/2017,718.33,-0.0020
6/1/2017,719.76,0.0089
5/31/2017,713.43,0.0027
5/30/2017,711.48,-0.0149
5/29/2017,722.26,0.0047
5/26/2017,718.87,0.0034
5/25/2017,716.4,-0.0026
5/24/2017,718.28,0.0136
5/23/2017,708.62,-0.0032
5/22/2017,710.86,0.0126
5/19/2017,702.03,0.0097
5/18/2017,695.3,-0.0015
5/17/2017,696.37,0.0050
5/16/2017,692.91,-0.0033
5/15/2017,695.22,0.0063
5/12/2017,690.84,-0.0003
5/11/2017,691.02,0.0007
5/10/2017,690.53,0.0036
5/9/2017,688.08,0.0102
5/8/2017,681.11,-0.0045
5/5/2017,684.17,-0.0031
5/4/2017,686.29,0.0019
5/3/2017,684.99,0.0066
4/28/2017,680.49,-0.0013
4/27/2017,681.36,0.0116
4/26/2017,673.53,0.0074
4/25/2017,668.58,0.0022
4/24/2017,667.08,-0.0082
4/21/2017,672.6,-0.0025
4/20/2017,674.3,-0.0079
4/19/2017,679.69,0.0059
4/18/2017,675.71,0.0096
4/17/2017,669.31,-0.0135
4/14/2017,678.45,-0.0135
4/13/2017,687.72,-0.0068
4/12/2017,692.4,-0.0079
4/11/2017,697.93,0.0017
4/10/2017,696.72,-0.0013
4/7/2017,697.62,0.0095
4/5/2017,691.07,-0.0114
4/4/2017,699.07,0.0034
4/3/2017,696.73,0.0051
3/31/2017,693.22,0.0010
3/30/2017,692.5,0.0038
3/29/2017,689.91,0.0023
3/28/2017,688.31,-0.0075
3/27/2017,693.49,0.0025
3/24/2017,691.76,0.0035
3/23/2017,689.32,0.0168
3/22/2017,677.96,-0.0025
3/21/2017,679.69,0.0054
3/20/2017,676.02,0.0115
3/17/2017,668.35,0.0004
3/16/2017,668.07,0.0068
3/15/2017,663.57,-0.0028
3/14/2017,665.46,0.0042
3/13/2017,662.67,-0.0012
3/10/2017,663.49,-0.0012
3/9/2017,664.3,0.0027
3/8/2017,662.48,0.0039
3/7/2017,659.9,0.0020
3/6/2017,658.61,0.0028
3/3/2017,656.77,0.0046
3/2/2017,653.76,-0.0034
3/1/2017,655.99,-0.0030
2/28/2017,657.95,-0.0124
2/27/2017,666.22,0.0067
2/24/2017,661.81,-0.0084
2/23/2017,667.42,-0.0018
2/22/2017,668.61,-0.0043
2/21/2017,671.52,0.0059
2/20/2017,667.56,-0.0008
2/17/2017,668.1,0.0006
2/16/2017,667.72,-0.0020
2/15/2017,669.08,0.0085
2/14/2017,663.43,0.0011
2/13/2017,662.68,0.0059
2/10/2017,658.78,-0.0001
2/9/2017,658.83,0.0013
2/8/2017,657.97,0.0023
2/7/2017,656.48,0.0037
2/6/2017,654.03,0.0044
2/3/2017,651.18,-0.0028
2/2/2017,652.98,0.0127
1/25/2017,644.79,0.0086
1/24/2017,639.32,0.0061
1/23/2017,635.42,0.0018
1/20/2017,634.28,0.0052
1/19/2017,631,-0.0033
1/18/2017,633.1,-0.0070
1/17/2017,637.54,0.0076
1/16/2017,632.7,-0.0115
1/13/2017,640.07,-0.0034
1/12/2017,642.25,-0.0018
1/11/2017,643.39,0.0063
1/10/2017,639.36,0.0015
1/9/2017,638.4,0.0032
1/6/2017,636.34,0.0024
1/5/2017,634.83,0.0034
1/4/2017,632.7,-0.0019
1/3/2017,633.89,0.0090
12/30/2016,628.21,0.0020
12/29/2016,626.95,0.0034
12/28/2016,624.83,0.0022
12/27/2016,623.46,0.0028
12/26/2016,621.73,0.0016
12/23/2016,620.75,0.0039
12/22/2016,618.35,-0.0001
12/21/2016,618.43,0.0027
12/20/2016,616.74,-0.0114
12/19/2016,623.85,0.0045
12/16/2016,621.04,0.0127
12/15/2016,613.25,-0.0033
12/14/2016,615.26,0.0141
12/13/2016,606.71,-0.0100
12/12/2016,612.83,-0.0110
12/9/2016,619.64,0.0003
12/8/2016,619.45,0.0072
12/7/2016,615,-0.0020
12/6/2016,616.26,-0.0145
12/5/2016,625.32,-0.0069
12/2/2016,629.64,-0.0030
12/1/2016,631.55,-0.0005
11/30/2016,631.89,0.0098
11/29/2016,625.78,-0.0077
11/28/2016,630.62,-0.0198
11/25/2016,643.38,-0.0063
11/24/2016,647.47,-0.0002
11/23/2016,647.59,0.0059
11/22/2016,643.76,0.0077
11/21/2016,638.87,0.0071
11/18/2016,634.35,-0.0026
11/17/2016,636.02,-0.0042
11/16/2016,638.72,0.0019
11/15/2016,637.51,0.0053
11/14/2016,634.13,-0.0123
11/11/2016,642,0.0002
11/10/2016,641.9,0.0102
11/9/2016,635.42,-0.0103
11/8/2016,642.01,0.0033
11/7/2016,639.91,0.0117
11/4/2016,632.54,-0.0004
11/3/2016,632.81,-0.0059
11/2/2016,636.54,-0.0101
11/1/2016,643.05,-0.0018
10/31/2016,644.22,-0.0078
10/28/2016,649.27,0.0079
10/27/2016,644.18,0.0037
10/26/2016,641.81,-0.0048
10/25/2016,644.91,-0.0052
10/24/2016,648.29,-0.0105
10/21/2016,655.17,-0.0030
10/20/2016,657.15,-0.0034
10/19/2016,659.39,0.0093
10/18/2016,653.32,0.0044
10/17/2016,650.46,-0.0108
10/14/2016,657.59,-0.0011
10/13/2016,658.29,0.0077
10/12/2016,653.25,-0.0025
10/11/2016,654.88,0.0118
10/10/2016,647.25,-0.0156
10/7/2016,657.54,-0.0084
10/6/2016,663.12,-0.0013
10/5/2016,663.95,0.0031
10/4/2016,661.89,-0.0008
10/3/2016,662.42,-0.0090
9/30/2016,668.44,-0.0028
9/29/2016,670.3,0.0017
9/28/2016,669.17,-0.0030
9/27/2016,671.21,0.0077
9/26/2016,666.1,0.0027
9/23/2016,664.31,0.0030
9/22/2016,662.31,0.0074
9/21/2016,657.44,0.0058
9/20/2016,653.66,0.0074
9/19/2016,648.83,0.0148
9/16/2016,639.37,-0.0088
9/15/2016,645.02,-0.0030
9/14/2016,646.93,-0.0075
9/13/2016,651.8,0.0003
9/12/2016,651.63,-0.0107
9/9/2016,658.66,-0.0009
9/8/2016,659.25,0.0068
9/7/2016,654.79,-0.0019
9/6/2016,656.02,0.0014
9/5/2016,655.08,-0.0061
9/1/2016,659.09,-0.0093
8/31/2016,665.25,0.0061
8/30/2016,661.2,0.0076
8/29/2016,656.23,-0.0007
8/26/2016,656.71,0.0118
8/25/2016,649.06,-0.0029
8/24/2016,650.95,0.0000
8/23/2016,650.92,0.0053
8/22/2016,647.46,-0.0106
8/19/2016,654.42,0.0024
8/18/2016,652.87,0.0031
8/17/2016,650.82,0.0068
8/16/2016,646.44,0.0012
8/15/2016,645.66,0.0071
8/12/2016,641.11,-0.0062
8/11/2016,645.1,0.0193
8/10/2016,632.86,0.0184
8/9/2016,621.43,0.0110
8/8/2016,614.65,-0.0007
8/5/2016,615.06,-0.0038
8/4/2016,617.41,-0.0039
8/3/2016,619.8,-0.0054
8/2/2016,623.16,-0.0193
8/1/2016,635.41,-0.0059
7/29/2016,639.17,-0.0080
7/28/2016,644.33,0.0073
7/27/2016,639.63,0.0078
7/26/2016,634.68,0.0023
7/25/2016,633.21,-0.0018
7/22/2016,634.34,-0.0137
7/21/2016,643.16,-0.0031
7/20/2016,645.15,-0.0138
7/19/2016,654.17,-0.0123
7/18/2016,662.29,0.0132
7/15/2016,653.63,0.0038
7/14/2016,651.14,-0.0088
7/13/2016,656.89,0.0239
7/12/2016,641.58,0.0087
7/11/2016,636.02,-0.0117
7/8/2016,643.56,-0.0015
7/7/2016,644.52,0.0131
7/6/2016,636.18,-0.0001
7/5/2016,636.27,0.0043
7/4/2016,633.57,0.0115
7/1/2016,626.34,0.0073
6/30/2016,621.79,0.0006
6/29/2016,621.39,0.0115
6/28/2016,614.31,-0.0002
6/27/2016,614.42,0.0028
6/24/2016,612.69,-0.0220
6/23/2016,626.5,0.0037
6/22/2016,624.18,-0.0044
6/21/2016,626.97,0.0045
6/20/2016,624.19,0.0137
6/17/2016,615.75,-0.0109
6/16/2016,622.54,-0.0026
6/15/2016,624.19,-0.0019
6/14/2016,625.36,0.0058
6/13/2016,621.75,-0.0120
6/10/2016,629.27,-0.0022
6/9/2016,630.66,0.0009
6/8/2016,630.09,0.0097
6/7/2016,624.01,0.0083
6/6/2016,618.88,-0.0035
6/3/2016,621.05,-0.0002
6/2/2016,621.18,0.0029
6/1/2016,619.38,0.0030
5/31/2016,617.52,0.0013
5/30/2016,616.73,0.0094
5/27/2016,611,0.0063
5/26/2016,607.16,-0.0091
5/25/2016,612.74,-0.0031
5/24/2016,614.62,0.0003
5/23/2016,614.45,-0.0032
5/20/2016,616.4,-0.0076
5/19/2016,621.13,-0.0045
5/18/2016,623.92,0.0016
5/17/2016,622.93,0.0126
5/16/2016,615.17,0.0085
5/13/2016,609.97,-0.0034
5/12/2016,612.04,0.0001
5/11/2016,611.96,0.0122
5/10/2016,604.56,0.0005
5/9/2016,604.24,-0.0054
5/6/2016,607.55,0.0047
5/5/2016,604.69,0.0035
5/4/2016,602.57,0.0022
4/29/2016,601.25,0.0094
4/28/2016,595.63,-0.0030
4/27/2016,597.43,-0.0064
4/26/2016,601.27,0.0120
4/25/2016,594.16,-0.0020
4/22/2016,595.38,0.0217
4/21/2016,582.76,0.0129
4/20/2016,575.35,0.0005
4/19/2016,575.06,-0.0161
4/15/2016,584.47,-0.0030
4/14/2016,586.21,0.0027
4/13/2016,584.63,-0.0048
4/12/2016,587.47,0.0012
4/11/2016,586.78,0.0135
4/8/2016,578.97,-0.0005
4/7/2016,579.28,0.0050
4/6/2016,576.4,0.0105
4/5/2016,570.43,0.0083
4/4/2016,565.71,-0.0045
4/1/2016,568.27,-0.0060
3/31/2016,571.69,-0.0094
3/30/2016,577.11,0.0034
3/29/2016,575.16,-0.0124
3/28/2016,582.37,0.0071
3/25/2016,578.24,0.0016
3/24/2016,577.31,-0.0057
3/23/2016,580.6,0.0046
3/22/2016,577.97,-0.0034
3/21/2016,579.95,-0.0034
3/18/2016,581.95,-0.0077
3/17/2016,586.47,0.0046
3/16/2016,583.79,0.0013
3/15/2016,583.02,-0.0069
3/14/2016,587.09,0.0055
3/11/2016,583.89,0.0002
3/10/2016,583.77,0.0043
3/9/2016,581.25,-0.0022
3/8/2016,582.54,-0.0001
3/7/2016,582.6,0.0029
3/4/2016,580.94,0.0032
3/3/2016,579.11,-0.0001
3/2/2016,579.17,0.0108
3/1/2016,572.99,0.0041
2/29/2016,570.66,-0.0122
2/26/2016,577.71,0.0082
2/25/2016,573.02,-0.0101
2/24/2016,578.87,0.0089
2/23/2016,573.78,-0.0010
2/22/2016,574.37,0.0121
2/19/2016,567.51,0.0012
2/18/2016,566.85,0.0102
2/17/2016,561.1,-0.0022
2/16/2016,562.32,0.0056
2/15/2016,559.19,-0.0085
2/5/2016,563.97,0.0049
2/4/2016,561.22,0.0084
2/3/2016,556.53,0.0026
2/2/2016,555.09,-0.0052
2/1/2016,557.98,-0.0065
1/29/2016,561.61,0.0085
1/28/2016,556.86,-0.0038
1/27/2016,558.98,0.0080
1/26/2016,554.52,-0.0136
1/25/2016,562.19,0.0423
1/22/2016,539.37,0.0016
1/21/2016,538.53,-0.0105
1/20/2016,544.24,-0.0110
1/19/2016,550.29,0.0168
1/18/2016,541.18,-0.0262
1/15/2016,555.76,-0.0236
1/14/2016,569.17,-0.0163
1/13/2016,578.63,-0.0065
1/12/2016,582.39,0.0151
1/11/2016,573.72,-0.0039
1/8/2016,575.96,-0.0109
1/7/2016,582.3,-0.0130
1/6/2016,589.97,0.0109
1/5/2016,583.62,-0.0107
1/4/2016,589.91,-0.0095
12/31/2015,595.57,0.0013
12/30/2015,594.8,0.0091
12/29/2015,589.43,0.0108
12/28/2015,583.16,0.0066
12/25/2015,579.32,0.0045
12/24/2015,576.71,0.0022
12/23/2015,575.46,-0.0023
12/22/2015,576.8,-0.0016
12/21/2015,577.73,-0.0019
12/18/2015,578.85,-0.0130
12/17/2015,586.47,0.0043
12/16/2015,583.97,0.0029
12/15/2015,582.28,0.0049
12/14/2015,579.42,0.0024
12/11/2015,578.01,0.0096
12/10/2015,572.5,-0.0036
12/9/2015,574.54,-0.0176
12/8/2015,584.85,0.0165
12/7/2015,575.34,-0.0131
12/4/2015,582.96,-0.0039
12/3/2015,585.23,0.0022
12/2/2015,583.94,0.0084
12/1/2015,579.06,-0.0049
11/30/2015,581.94,-0.0146
11/27/2015,590.59,-0.0125
11/26/2015,598.04,-0.0077
11/25/2015,602.67,0.0041
11/24/2015,600.21,-0.0111
11/23/2015,606.93,-0.0069
11/20/2015,611.16,0.0035
11/19/2015,609.05,-0.0052
11/18/2015,612.25,-0.0035
11/17/2015,614.39,-0.0077
11/16/2015,619.14,-0.0051
11/13/2015,622.34,0.0129
11/12/2015,614.39,0.0027
11/11/2015,612.71,-0.0030
11/10/2015,614.56,-0.0079
11/9/2015,619.44,-0.0052
11/6/2015,622.67,-0.0049
11/5/2015,625.71,0.0070
11/4/2015,621.35,-0.0040
11/3/2015,623.85,0.0174
11/2/2015,613.19,-0.0097
10/30/2015,619.21,0.0019
10/29/2015,618.01,0.0137
10/28/2015,609.68,-0.0031
10/27/2015,611.57,-0.0010
10/26/2015,612.21,-0.0063
10/23/2015,616.07,0.0103
10/22/2015,609.78,0.0090
10/21/2015,604.34,-0.0020
10/20/2015,605.56,-0.0095
10/19/2015,611.37,0.0027
10/16/2015,609.73,0.0029
10/15/2015,607.95,0.0006
10/14/2015,607.57,0.0009
10/13/2015,607.03,-0.0041
10/12/2015,609.55,0.0065
10/9/2015,605.6,0.0011
10/8/2015,604.91,0.0108
10/7/2015,598.42,-0.0025
10/6/2015,599.92,0.0190
10/5/2015,588.73,0.0138
10/2/2015,580.74,-0.0027
10/1/2015,582.33,0.0035
9/30/2015,580.32,0.0023
9/29/2015,578.98,-0.0059
9/28/2015,582.42,-0.0097
9/25/2015,588.11,-0.0022
9/24/2015,589.42,-0.0031
9/23/2015,591.23,-0.0026
9/22/2015,592.78,0.0039
9/21/2015,590.46,0.0133
9/18/2015,582.73,0.0105
9/17/2015,576.68,-0.0002
9/16/2015,576.78,0.0092
9/15/2015,571.53,-0.0078
9/14/2015,576,-0.0125
9/11/2015,583.27,-0.0090
9/10/2015,588.54,0.0014
9/9/2015,587.69,0.0074
9/8/2015,583.35,0.0161
9/7/2015,574.09,-0.0081
9/4/2015,578.78,0.0056
9/3/2015,575.58,-0.0138
9/1/2015,583.61,-0.0045
8/31/2015,586.23,-0.0194
8/28/2015,597.81,0.0280
8/27/2015,581.51,0.0115
8/26/2015,574.88,0.0247
8/25/2015,561,0.0037
8/24/2015,558.92,-0.0492
8/21/2015,587.83,-0.0174
8/20/2015,598.22,-0.0176
8/19/2015,608.91,-0.0047
8/18/2015,611.8,0.0072
8/17/2015,607.44,-0.0186
8/14/2015,618.94,-0.0062
8/13/2015,622.83,-0.0159
8/12/2015,632.9,-0.0164
8/11/2015,643.42,-0.0101
8/10/2015,649.99,0.0182
8/7/2015,638.4,0.0077
8/6/2015,633.53,-0.0091
8/5/2015,639.33,0.0128
8/4/2015,631.27,-0.0089
8/3/2015,636.92,-0.0161
7/31/2015,647.36,-0.0067
7/30/2015,651.7,0.0008
7/29/2015,651.21,-0.0127
7/28/2015,659.6,-0.0091
7/27/2015,665.66,0.0117
7/24/2015,657.97,0.0034
7/23/2015,655.74,0.0010
7/22/2015,655.06,0.0212
7/21/2015,641.45,-0.0043
7/20/2015,644.19,-0.0105
7/17/2015,651.03,0.0030
7/16/2015,649.06,-0.0037
7/15/2015,651.45,-0.0104
7/14/2015,658.28,0.0092
7/13/2015,652.28,0.0055
7/10/2015,648.73,0.0033
7/9/2015,646.58,0.0014
7/8/2015,645.67,-0.0116
7/7/2015,653.27,0.0057
7/6/2015,649.54,0.0151
7/3/2015,639.87,0.0104
7/2/2015,633.28,0.0166
7/1/2015,622.91,0.0008
6/30/2015,622.43,0.0036
6/29/2015,620.22,0.0186
6/26/2015,608.92,-0.0009
6/25/2015,609.49,-0.0020
6/24/2015,610.73,-0.0060
6/23/2015,614.42,-0.0011
6/22/2015,615.1,0.0196
6/19/2015,603.26,0.0047
6/18/2015,600.45,0.0037
6/17/2015,598.25,-0.0044
6/16/2015,600.92,-0.0060
6/15/2015,604.53,0.0004
6/12/2015,604.29,0.0048
6/11/2015,601.4,0.0107
6/10/2015,595.06,0.0029
6/9/2015,593.36,-0.0019
6/8/2015,594.51,0.0039
6/5/2015,592.22,0.0081
6/4/2015,587.48,0.0032
6/3/2015,585.6,-0.0051
6/2/2015,588.63,-0.0084
6/1/2015,593.61,0.0073
5/29/2015,589.32,-0.0083
5/28/2015,594.27,0.0075
5/27/2015,589.82,-0.0022
5/26/2015,591.13,0.0047
5/25/2015,588.36,0.0030
5/22/2015,586.58,0.0137
5/21/2015,578.64,0.0110
5/20/2015,572.34,0.0286
5/19/2015,556.44,0.0064
5/18/2015,552.9,-0.0160
5/15/2015,561.87,-0.0141
5/14/2015,569.89,0.0011
5/13/2015,569.28,-0.0030
5/12/2015,571,-0.0145
5/11/2015,579.41,-0.0060
5/8/2015,582.91,0.0009
5/7/2015,582.4,0.0052
5/6/2015,579.39,-0.0104
5/5/2015,585.45,0.0155
5/4/2015,576.52,-0.0280
4/27/2015,593.15,-0.0049
4/24/2015,596.1,0.0057
4/23/2015,592.71,-0.0022
4/22/2015,594,0.0006
4/21/2015,593.67,-0.0036
4/20/2015,595.82,-0.0055
4/17/2015,599.12,0.0068
4/16/2015,595.09,0.0073
4/15/2015,590.78,0.0060
4/14/2015,587.24,-0.0043
4/13/2015,589.77,0.0110
4/10/2015,583.34,0.0086
4/9/2015,578.35,0.0042
4/8/2015,575.94,-0.0030
4/7/2015,577.69,0.0087
4/6/2015,572.71,-0.0086
4/3/2015,577.66,0.0027
4/2/2015,576.13,0.0117
4/1/2015,569.48,-0.0181
3/31/2015,579.97,0.0058
3/30/2015,576.6,-0.0110
3/27/2015,583.02,-0.0063
3/26/2015,586.7,-0.0059
3/25/2015,590.17,-0.0061
3/24/2015,593.8,-0.0071
3/23/2015,598.07,-0.0094
3/20/2015,603.76,0.0041
3/19/2015,601.31,-0.0097
3/18/2015,607.18,-0.0066
3/17/2015,611.24,0.0010
3/16/2015,610.63,-0.0102
3/13/2015,616.94,-0.0053
3/12/2015,620.24,0.0016
3/11/2015,619.27,-0.0029
3/10/2015,621.1,0.0004
3/9/2015,620.88,-0.0030
3/6/2015,622.75,-0.0040
3/5/2015,625.25,-0.0071
3/4/2015,629.69,0.0039
3/3/2015,627.27,0.0166
3/2/2015,617.05,-0.0022
2/27/2015,618.39,-0.0087
2/26/2015,623.84,0.0071
2/25/2015,619.44,-0.0076
2/24/2015,624.17,0.0113
2/13/2015,617.2,0.0063
2/12/2015,613.36,0.0099
2/11/2015,607.33,0.0198
2/10/2015,595.53,0.0013
2/9/2015,594.77,-0.0015
2/6/2015,595.69,0.0075
2/5/2015,591.28,0.0042
2/4/2015,588.83,0.0057
2/3/2015,585.47,-0.0217
2/2/2015,598.46,-0.0133
1/30/2015,606.54,-0.0120
1/29/2015,613.9,0.0006
1/28/2015,613.53,0.0058
1/27/2015,609.98,-0.0043
1/26/2015,612.64,-0.0041
1/23/2015,615.16,0.0079
1/22/2015,610.31,0.0062
1/21/2015,606.53,-0.0044
1/20/2015,609.19,-0.0040
1/19/2015,611.64,-0.0050
1/16/2015,614.72,-0.0047
1/15/2015,617.62,0.0013
1/14/2015,616.84,-0.0041
1/13/2015,619.39,0.0059
1/12/2015,615.73,-0.0043
1/9/2015,618.41,0.0190
1/8/2015,606.85,-0.0013
1/7/2015,607.65,0.0021
1/6/2015,606.37,0.0111
1/5/2015,599.69,-0.0033
12/31/2014,601.66,0.0177
12/30/2014,591.18,0.0134
12/29/2014,583.36,0.0016
12/26/2014,582.45,-0.0047
12/25/2014,585.19,-0.0101
12/24/2014,591.19,0.0027
12/23/2014,589.61,0.0035
12/22/2014,587.56,0.0297
12/19/2014,570.61,-0.0143
12/18/2014,578.88,0.0161
12/17/2014,569.71,-0.0373
12/16/2014,591.78,-0.0201
12/15/2014,603.92,-0.0089
12/12/2014,609.33,0.0075
12/11/2014,604.8,-0.0098
12/10/2014,610.81,0.0115
12/9/2014,603.85,-0.0258
12/8/2014,619.87,-0.0077
12/5/2014,624.67,0.0006
12/4/2014,624.31,0.0081
12/3/2014,619.29,0.0093
12/2/2014,613.57,-0.0014
12/1/2014,614.44,0.0054
11/28/2014,611.15,-0.0072
11/27/2014,615.57,-0.0015
11/26/2014,616.48,-0.0108
11/25/2014,623.23,0.0111
11/24/2014,616.39,-0.0118
11/21/2014,623.74,-0.0080
11/20/2014,628.8,0.0082
11/19/2014,623.66,-0.0067
11/18/2014,627.84,-0.0147
11/17/2014,637.21,-0.0011
11/14/2014,637.9,-0.0015
11/13/2014,638.87,-0.0047
11/12/2014,641.89,-0.0002
11/11/2014,642.02,-0.0014
11/10/2014,642.9,0.0002
11/7/2014,642.77,0.0082
11/6/2014,637.56,-0.0002
11/5/2014,637.68,-0.0035
11/4/2014,639.91,-0.0073
11/3/2014,644.64,0.0092
10/31/2014,638.78,0.0184
10/30/2014,627.21,-0.0014
10/29/2014,628.1,0.0147
10/28/2014,618.99,0.0062
10/27/2014,615.15,-0.0228
10/24/2014,629.52,-0.0021
10/23/2014,630.84,-0.0110
10/22/2014,637.85,0.0064
10/21/2014,633.81,0.0091
10/20/2014,628.09,0.0053
10/17/2014,624.77,0.0016
10/16/2014,623.76,-0.0279
10/15/2014,641.63,0.0008
10/14/2014,641.13,-0.0153
10/13/2014,651.07,-0.0010
10/10/2014,651.72,-0.0082
10/9/2014,657.11,-0.0028
10/8/2014,658.98,-0.0003
10/7/2014,659.16,-0.0049
10/6/2014,662.43,0.0048
10/3/2014,659.25,-0.0006
10/2/2014,659.64,0.0070
10/1/2014,655.06,0.0168
9/30/2014,644.25,0.0020
9/29/2014,642.98,-0.0102
9/26/2014,649.63,-0.0058
9/25/2014,653.39,-0.0027
9/24/2014,655.14,-0.0048
9/23/2014,658.31,0.0078
9/22/2014,653.19,-0.0021
9/19/2014,654.54,-0.0077
9/18/2014,659.63,-0.0091
9/17/2014,665.66,-0.0015
9/16/2014,666.66,-0.0026
9/15/2014,668.42,-0.0020
9/12/2014,669.78,0.0071
9/11/2014,665.09,-0.0020
9/10/2014,666.42,0.0027
9/9/2014,664.65,-0.0209
9/8/2014,678.83,0.0018
9/5/2014,677.62,-0.0014
9/4/2014,678.59,-0.0005
9/3/2014,678.9,0.0031
8/29/2014,676.82,0.0117
8/28/2014,668.96,0.0016
8/27/2014,667.9,-0.0005
8/26/2014,668.25,0.0098
8/25/2014,661.76,0.0104
8/22/2014,654.96,0.0077
8/21/2014,649.94,0.0070
8/20/2014,645.44,0.0000
8/19/2014,645.46,-0.0024
8/18/2014,647,0.0029
8/15/2014,645.13,-0.0073
8/14/2014,649.85,0.0073
8/13/2014,645.17,0.0081
8/12/2014,639.96,0.0027
8/11/2014,638.22,-0.0058
8/8/2014,641.93,-0.0035
8/7/2014,644.19,0.0003
8/6/2014,644,0.0007
8/5/2014,643.56,0.0072
8/4/2014,638.98,0.0063
8/1/2014,635.01,-0.0032
7/31/2014,637.04,0.0127
7/30/2014,629.07,-0.0071
7/29/2014,633.58,0.0052
7/28/2014,630.3,-0.0182
7/25/2014,641.96,-0.0072
7/24/2014,646.64,0.0091
7/23/2014,640.84,-0.0017
7/22/2014,641.95,-0.0052
7/21/2014,645.33,-0.0003
7/18/2014,645.52,0.0145
7/17/2014,636.3,-0.0013
7/16/2014,637.13,0.0016
7/15/2014,636.09,0.0056
7/14/2014,632.54,0.0087
7/11/2014,627.1,-0.0027
7/10/2014,628.78,-0.0123
7/9/2014,636.64,0.0007
7/8/2014,636.21,-0.0008
7/7/2014,636.75,0.0091
7/4/2014,631.02,0.0061
7/3/2014,627.17,0.0112
7/2/2014,620.2,0.0036
7/1/2014,617.96,0.0047
6/30/2014,615.06,-0.0029
6/27/2014,616.85,-0.0049
6/26/2014,619.91,0.0029
6/25/2014,618.1,0.0091
6/24/2014,612.54,0.0042
6/23/2014,609.99,0.0045
6/20/2014,607.23,-0.0107
6/19/2014,613.82,-0.0077
6/18/2014,618.61,-0.0032
6/17/2014,620.61,0.0032
6/16/2014,618.62,0.0014
6/13/2014,617.73,0.0026
6/12/2014,616.11,0.0010
6/11/2014,615.52,0.0114
6/10/2014,608.59,-0.0038
6/9/2014,610.92,0.0040
6/6/2014,608.48,0.0114
6/5/2014,601.6,-0.0037
6/4/2014,603.83,-0.0141
6/3/2014,612.49,0.0025
6/2/2014,610.99,-0.0113
5/30/2014,618,0.0049
5/29/2014,615.01,0.0002
5/28/2014,614.88,0.0149
5/27/2014,605.87,0.0162
5/26/2014,596.24,0.0032
5/23/2014,594.35,0.0027
5/22/2014,592.75,-0.0068
5/21/2014,596.82,0.0111
5/20/2014,590.27,0.0016
5/19/2014,589.31,0.0127
5/16/2014,581.93,0.0111
5/15/2014,575.53,-0.0108
5/14/2014,581.83,0.0388
5/13/2014,560.11,-0.0057
5/12/2014,563.3,-0.0419
5/9/2014,587.91,0.0219
5/8/2014,575.31,-0.0561
5/7/2014,609.51,0.0071
5/6/2014,605.2,-0.0149
5/5/2014,614.36,-0.0281
4/29/2014,632.1,0.0051
4/28/2014,628.9,-0.0117
4/25/2014,636.35,0.0114
4/24/2014,629.16,-0.0010
4/23/2014,629.78,-0.0017
4/22/2014,630.88,0.0280
4/21/2014,613.67,-0.0120
4/18/2014,621.13,-0.0332
4/17/2014,642.48,0.0122
4/16/2014,634.76,-0.0200
4/15/2014,647.74,-0.0202
4/14/2014,661.12,-0.0071
4/11/2014,665.85,-0.0063
4/10/2014,670.06,-0.0030
4/8/2014,672.06,-0.0014
4/7/2014,672.97,0.0085
4/4/2014,667.33,0.0037
4/3/2014,664.88,0.0104
4/2/2014,658.01,-0.0032
4/1/2014,660.13,-0.0154
3/31/2014,670.43,-0.0087
3/28/2014,676.31,0.0096
3/27/2014,669.89,0.0076
3/26/2014,664.87,-0.0262
3/25/2014,682.75,-0.0095
3/24/2014,689.32,0.0137
3/21/2014,679.98,0.0058
3/20/2014,676.08,-0.0086
3/19/2014,681.94,0.0123
3/18/2014,673.68,0.0023
3/17/2014,672.15,0.0056
3/14/2014,668.39,-0.0012
3/13/2014,669.21,0.0081
3/12/2014,663.84,0.0034
3/11/2014,661.61,0.0089
3/10/2014,655.8,0.0067
3/7/2014,651.46,0.0044
3/6/2014,648.62,0.0044
3/5/2014,645.76,0.0109
3/4/2014,638.79,-0.0080
3/3/2014,643.95,-0.0299
2/28/2014,663.81,0.0016
2/27/2014,662.74,-0.0077
2/26/2014,667.91,0.0096
2/25/2014,661.53,0.0201
2/24/2014,648.49,0.0143
2/21/2014,639.37,0.0010
2/20/2014,638.7,-0.0180
2/19/2014,650.43,0.0075
2/18/2014,645.6,0.0106
2/17/2014,638.8,-0.0041
2/14/2014,641.41,-0.0005
2/13/2014,641.73,0.0062
2/12/2014,637.79,0.0166
2/11/2014,627.4,-0.0064
2/10/2014,631.42,0.0138
2/7/2014,622.82,-0.0056
2/6/2014,626.31,0.0026
1/27/2014,624.7,-0.0051
1/24/2014,627.91,0.0021
1/23/2014,626.62,0.0009
1/22/2014,626.04,-0.0127
1/21/2014,634.08,0.0216
1/20/2014,620.69,0.0251
1/17/2014,605.5,0.0272
1/16/2014,589.46,0.0110
1/15/2014,583.07,0.0043
1/14/2014,580.59,0.0069
1/13/2014,576.61,0.0008
1/10/2014,576.16,-0.0018
1/9/2014,577.19,0.0071
1/8/2014,573.11,0.0087
1/7/2014,568.15,0.0033
1/6/2014,566.3,0.0062
1/3/2014,562.8,0.0014
1/2/2014,562,-0.0004
12/31/2013,562.2,0.0105
12/30/2013,556.37,-0.0105
12/27/2013,562.28,-0.0003
12/26/2013,562.45,0.0023
12/25/2013,561.18,-0.0030
12/24/2013,562.85,-0.0055
12/23/2013,565.98,0.0095
12/20/2013,560.68,-0.0086
12/19/2013,565.52,-0.0013
12/18/2013,566.27,0.0006
12/17/2013,565.94,0.0089
12/16/2013,560.93,-0.0098
12/13/2013,566.47,-0.0016
12/12/2013,567.4,0.0030
12/11/2013,565.69,-0.0113
12/10/2013,572.13,-0.0019
12/9/2013,573.21,0.0054
12/6/2013,570.11,0.0016
12/5/2013,569.18,-0.0030
12/4/2013,570.91,-0.0014
12/3/2013,571.71,0.0050
12/2/2013,568.87,-0.0003
11/29/2013,569.06,-0.0026
11/28/2013,570.56,0.0039
11/27/2013,568.33,-0.0009
11/26/2013,568.85,0.0025
11/25/2013,567.42,0.0020
11/22/2013,566.28,0.0050
11/21/2013,563.45,-0.0053
11/20/2013,566.44,0.0027
11/19/2013,564.89,-0.0008
11/18/2013,565.36,0.0100
11/15/2013,559.75,0.0072
11/14/2013,555.73,0.0048
11/13/2013,553.09,-0.0036
11/12/2013,555.11,-0.0075
11/11/2013,559.32,0.0046
11/8/2013,556.78,-0.0042
11/7/2013,559.12,-0.0050
11/6/2013,561.93,0.0075
11/5/2013,557.72,0.0050
11/4/2013,554.97,0.0004
11/1/2013,554.73,-0.0015
10/31/2013,555.56,-0.0030
10/30/2013,557.23,0.0019
10/29/2013,556.15,0.0004
10/28/2013,555.95,-0.0082
10/25/2013,560.57,-0.0026
10/24/2013,562.02,-0.0058
10/23/2013,565.28,0.0088
10/22/2013,560.36,-0.0017
10/21/2013,561.3,0.0034
10/18/2013,559.38,0.0029
10/17/2013,557.79,0.0011
10/16/2013,557.15,0.0059
10/15/2013,553.9,0.0044
10/14/2013,551.48,-0.0012
10/11/2013,552.16,0.0005
10/10/2013,551.86,-0.0087
10/9/2013,556.72,-0.0033
10/8/2013,558.55,0.0018
10/7/2013,557.54,0.0099
10/4/2013,552.07,0.0045
10/3/2013,549.58,-0.0057
10/2/2013,552.73,0.0056
10/1/2013,549.63,-0.0035
9/30/2013,551.56,0.0111
9/27/2013,545.49,-0.0006
9/26/2013,545.83,0.0000
9/25/2013,545.83,0.0048
9/24/2013,543.23,0.0055
9/23/2013,540.25,0.0050
9/20/2013,537.57,0.0070
9/19/2013,533.83,0.0041
9/18/2013,531.63,-0.0078
9/17/2013,535.8,0.0072
9/16/2013,531.99,0.0015
9/13/2013,531.21,0.0001
9/12/2013,531.17,-0.0014
9/11/2013,531.91,0.0032
9/10/2013,530.19,0.0115
9/9/2013,524.17,-0.0199
9/6/2013,534.8,0.0058
9/5/2013,531.71,0.0115
9/4/2013,525.66,-0.0043
9/3/2013,527.92,-0.0062
8/30/2013,531.23,0.0147
8/29/2013,523.51,-0.0097
8/28/2013,528.62,-0.0210
8/27/2013,539.97,-0.0063
8/26/2013,543.38,0.0024
8/23/2013,542.08,-0.0136
8/22/2013,549.54,-0.0115
8/21/2013,555.93,-0.0029
8/20/2013,557.52,-0.0073
8/19/2013,561.62,0.0044
8/16/2013,559.16,0.0002
8/15/2013,559.07,0.0085
8/14/2013,554.34,0.0072
8/13/2013,550.36,0.0005
8/12/2013,550.07,-0.0040
8/9/2013,552.27,0.0040
8/8/2013,550.07,-0.0058
8/7/2013,553.29,0.0070
8/6/2013,549.45,0.0060
8/5/2013,546.18,0.0011
8/2/2013,545.59,0.0037
8/1/2013,543.56,0.0019
7/31/2013,542.52,0.0014
7/30/2013,541.78,0.0081
7/29/2013,537.42,-0.0137
7/26/2013,544.88,0.0013
7/25/2013,544.15,-0.0075
7/24/2013,548.24,-0.0154
7/23/2013,556.79,-0.0021
7/22/2013,557.97,0.0025
7/19/2013,556.56,0.0107
7/18/2013,550.67,-0.0013
7/17/2013,551.38,0.0030
7/16/2013,549.75,0.0021
7/15/2013,548.6,0.0006
7/12/2013,548.27,0.0162
7/11/2013,539.51,0.0010
7/10/2013,538.97,-0.0047
7/9/2013,541.53,0.0030
7/8/2013,539.92,-0.0064
7/5/2013,543.38,-0.0005
7/4/2013,543.66,-0.0005
7/3/2013,543.95,-0.0019
7/2/2013,544.98,0.0189
7/1/2013,534.85,-0.0069
6/28/2013,538.54,-0.0025
6/27/2013,539.89,0.0189
6/26/2013,529.88,-0.0011
6/25/2013,530.46,-0.0295
6/24/2013,546.56,-0.0127
6/21/2013,553.57,-0.0026
6/20/2013,555.01,-0.0031
6/19/2013,556.73,0.0070
6/18/2013,552.87,0.0003
6/17/2013,552.73,-0.0182
6/14/2013,562.97,-0.0154
6/13/2013,571.79,-0.0063
6/12/2013,575.39,-0.0099
6/11/2013,581.15,-0.0051
6/10/2013,584.11,-0.0070
6/7/2013,588.21,0.0091
6/6/2013,582.92,0.0098
6/5/2013,577.28,0.0041
6/4/2013,574.95,-0.0102
6/3/2013,580.89,-0.0018
5/31/2013,581.95,-0.0047
5/30/2013,584.7,0.0093
5/29/2013,579.33,0.0033
5/28/2013,577.4,0.0045
5/27/2013,574.82,0.0195
5/24/2013,563.81,0.0036
5/23/2013,561.79,-0.0106
5/22/2013,567.79,0.0023
5/21/2013,566.46,0.0137
5/20/2013,558.79,0.0095
5/17/2013,553.51,-0.0045
5/16/2013,556.01,0.0076
5/15/2013,551.81,0.0065
5/14/2013,548.27,-0.0110
5/13/2013,554.38,0.0047
5/10/2013,551.81,-0.0013
5/9/2013,552.53,0.0051
5/8/2013,549.74,0.0003
5/7/2013,549.57,-0.0044
5/6/2013,551.99,0.0235
5/3/2013,539.33,0.0057
5/2/2013,536.25,-0.0021
4/26/2013,537.37,0.0003
4/25/2013,537.23,0.0104
4/24/2013,531.69,-0.0010
4/23/2013,532.24,0.0087
4/22/2013,527.63,-0.0090
4/18/2013,532.44,-0.0212
4/17/2013,543.99,0.0108
4/16/2013,538.17,-0.0049
4/15/2013,540.83,-0.0304
4/12/2013,557.77,-0.0141
4/11/2013,565.76,0.0132
4/10/2013,558.37,-0.0305
4/9/2013,575.93,0.0016
4/8/2013,575.02,0.0085
4/5/2013,570.2,0.0103
4/4/2013,564.39,-0.0087
4/3/2013,569.33,-0.0073
4/2/2013,573.5,0.0115
4/1/2013,566.98,0.0266
3/29/2013,552.28,0.0007
3/28/2013,551.92,-0.0052
3/27/2013,554.83,-0.0042
3/26/2013,557.17,-0.0083
3/25/2013,561.81,0.0126
3/22/2013,554.84,-0.0081
3/21/2013,559.39,0.0150
3/20/2013,551.15,0.0072
3/19/2013,547.22,-0.0027
3/18/2013,548.72,-0.0083
3/15/2013,553.33,0.0131
3/14/2013,546.15,0.0059
3/13/2013,542.94,-0.0086
3/12/2013,547.63,-0.0047
3/11/2013,550.22,0.0189
3/8/2013,540.01,0.0118
3/7/2013,533.69,-0.0100
3/6/2013,539.08,0.0204
3/5/2013,528.29,-0.0117
3/4/2013,534.53,-0.0240
3/1/2013,547.7,0.0037
2/28/2013,545.68,0.0183
2/27/2013,535.86,-0.0020
2/26/2013,536.94,-0.0380
2/25/2013,558.17,0.0124
2/22/2013,551.33,0.0017
2/21/2013,550.42,-0.0384
2/20/2013,572.38,0.0038
2/19/2013,570.22,-0.0073
2/18/2013,574.43,0.0004
2/8/2013,574.18,0.0045
2/7/2013,571.59,0.0027
2/6/2013,570.03,0.0237
2/5/2013,556.83,-0.0093
2/4/2013,562.07,-0.0071
2/1/2013,566.09,0.0037
1/31/2013,564.01,-0.0153
1/30/2013,572.76,0.0055
1/29/2013,569.6,0.0124
1/28/2013,562.6,0.0279
1/25/2013,547.31,0.0286
1/24/2013,532.11,0.0195
1/23/2013,521.92,0.0014
1/22/2013,521.19,-0.0127
1/21/2013,527.89,-0.0132
1/18/2013,534.97,-0.0052
1/17/2013,537.75,-0.0157
1/16/2013,546.34,0.0067
1/15/2013,542.73,0.0099
1/14/2013,537.42,-0.0152
1/11/2013,545.72,-0.0001
1/10/2013,545.8,0.0269
1/9/2013,531.52,0.0117
1/8/2013,525.36,0.0318
1/7/2013,509.18,0.0218
1/4/2013,498.31,0.0142
1/3/2013,491.34,0.0011
1/2/2013,490.82,0.0112
12/28/2012,485.38,0.0094
12/27/2012,480.85,0.0103
12/26/2012,475.93,0.0145
12/25/2012,469.15,0.0046
12/24/2012,466.99,0.0038
12/21/2012,465.24,-0.0066
12/20/2012,468.32,0.0026
12/19/2012,467.12,0.0146
12/18/2012,460.42,-0.0040
12/17/2012,462.25,0.0033
12/14/2012,460.74,0.0064
12/13/2012,457.83,0.0004
12/12/2012,457.64,0.0038
12/11/2012,455.9,0.0049
12/10/2012,453.69,0.0086
12/7/2012,449.81,-0.0042
12/6/2012,451.72,0.0002
12/5/2012,451.61,0.0080
12/4/2012,448.02,0.0052
12/3/2012,445.72,0.0046
11/30/2012,443.68,-0.0013
11/29/2012,444.27,0.0063
11/28/2012,441.49,-0.0049
11/27/2012,443.68,-0.0033
11/26/2012,445.17,-0.0101
11/23/2012,449.73,-0.0056
11/22/2012,452.24,-0.0014
11/21/2012,452.87,-0.0049
11/20/2012,455.1,0.0061
11/19/2012,452.36,-0.0073
11/16/2012,455.67,-0.0031
11/15/2012,457.08,-0.0025
11/14/2012,458.21,0.0069
11/13/2012,455.08,-0.0119
11/12/2012,460.56,0.0073
11/9/2012,457.23,0.0032
11/8/2012,455.78,0.0110
11/7/2012,450.83,0.0094
11/6/2012,446.63,0.0003
11/5/2012,446.51,0.0104
11/2/2012,441.9,-0.0353
11/1/2012,458.06,-0.0011
10/31/2012,458.56,-0.0010
10/30/2012,459.04,-0.0043
10/29/2012,461.03,-0.0024
10/26/2012,462.16,0.0048
10/25/2012,459.93,-0.0143
10/24/2012,466.62,-0.0068
10/23/2012,469.82,0.0009
10/22/2012,469.39,-0.0040
10/19/2012,471.26,-0.0015
10/18/2012,471.96,0.0055
10/17/2012,469.39,-0.0049
10/16/2012,471.68,0.0224
10/15/2012,461.34,0.0025
10/12/2012,460.18,-0.0024
10/11/2012,461.28,-0.0009
10/10/2012,461.71,0.0035
10/9/2012,460.09,-0.0004
10/8/2012,460.26,0.0156
10/5/2012,453.2,0.0080
10/4/2012,449.62,-0.0018
10/3/2012,450.44,0.0033
10/2/2012,448.97,-0.0057
10/1/2012,451.55,-0.0108
9/28/2012,456.48,-0.0041
9/27/2012,458.38,-0.0040
9/26/2012,460.23,0.0081
9/25/2012,456.52,0.0044
9/24/2012,454.52,-0.0066
9/21/2012,457.53,0.0175
9/20/2012,449.66,-0.0163
9/19/2012,457.13,-0.0072
9/18/2012,460.44,-0.0168
9/17/2012,468.32,0.0095
9/14/2012,463.9,0.0171
9/13/2012,456.11,0.0047
9/12/2012,453.96,0.0013
9/11/2012,453.39,-0.0048
9/10/2012,455.59,-0.0222
9/7/2012,465.94,0.0050
9/6/2012,463.63,-0.0124
9/5/2012,469.46,-0.0070
9/4/2012,472.78,0.0161
8/31/2012,465.29,-0.0003
8/30/2012,465.42,0.0126
8/29/2012,459.64,0.0122
8/28/2012,454.1,-0.0049
8/27/2012,456.32,-0.0348
8/24/2012,472.75,0.0170
8/23/2012,464.83,-0.0442
8/22/2012,486.32,-0.0203
8/21/2012,496.39,-0.0477
8/20/2012,521.28,0.0111
8/17/2012,515.55,0.0021
8/16/2012,514.47,-0.0031
8/15/2012,516.05,0.0052
8/14/2012,513.36,0.0086
8/13/2012,508.99,0.0047
8/10/2012,506.6,-0.0039
8/9/2012,508.58,0.0096
8/8/2012,503.74,0.0033
8/7/2012,502.07,-0.0018
8/6/2012,502.97,0.0112
8/3/2012,497.38,0.0066
8/2/2012,494.12,0.0089
8/1/2012,489.76,-0.0045
7/31/2012,491.98,-0.0006
7/30/2012,492.29,0.0055
7/27/2012,489.61,-0.0024
7/26/2012,490.78,0.0049
7/25/2012,488.37,-0.0060
7/24/2012,491.34,-0.0091
7/23/2012,495.86,-0.0032
7/20/2012,497.43,-0.0103
7/19/2012,502.6,0.0172
7/18/2012,494.11,0.0022
7/17/2012,493.04,0.0090
7/16/2012,488.63,-0.0076
7/13/2012,492.36,0.0191
7/12/2012,483.12,0.0032
7/11/2012,481.57,0.0041
7/10/2012,479.58,-0.0060
7/9/2012,482.49,-0.0166
7/6/2012,490.64,0.0037
7/5/2012,488.82,0.0070
7/4/2012,485.42,-0.0031
7/3/2012,486.95,-0.0116
7/2/2012,492.66,-0.0102
6/29/2012,497.73,0.0122
6/28/2012,491.71,-0.0022
6/27/2012,492.77,-0.0019
6/26/2012,493.73,-0.0088
6/25/2012,498.09,-0.0045
6/22/2012,500.34,-0.0087
6/21/2012,504.71,-0.0069
6/20/2012,508.23,0.0031
6/19/2012,506.67,-0.0081
6/18/2012,510.81,0.0057
6/15/2012,507.94,0.0154
6/14/2012,500.24,-0.0078
6/13/2012,504.19,-0.0045
6/12/2012,506.49,-0.0069
6/11/2012,509.99,0.0036
6/8/2012,508.15,-0.0025
6/7/2012,509.41,0.0105
6/6/2012,504.11,0.0122
6/5/2012,498.02,0.0104
6/4/2012,492.89,-0.0252
6/1/2012,505.65,-0.0028
5/31/2012,507.07,-0.0123
5/30/2012,513.38,0.0050
5/29/2012,510.81,-0.0051
5/28/2012,513.44,-0.0016
5/25/2012,514.27,0.0253
5/24/2012,501.58,-0.0135
5/23/2012,508.45,-0.0163
5/22/2012,516.86,-0.0039
5/21/2012,518.86,0.0282
5/18/2012,504.61,-0.0172
5/17/2012,513.46,-0.0120
5/16/2012,519.7,-0.0061
5/15/2012,522.9,-0.0251
5/14/2012,536.35,-0.0212
5/11/2012,547.94,-0.0123
5/10/2012,554.74,-0.0047
5/9/2012,557.35,0.0006
5/8/2012,557.02,0.0085
5/7/2012,552.3,0.0181
5/4/2012,542.5,0.0119
5/3/2012,536.1,-0.0067
5/2/2012,539.72,-0.0027
4/27/2012,541.2,0.0058
4/26/2012,538.1,-0.0086
4/25/2012,542.78,0.0148
4/24/2012,534.89,0.0024
4/23/2012,533.6,-0.0003
4/20/2012,533.74,0.0001
4/19/2012,533.68,-0.0146
4/18/2012,541.6,-0.0046
4/17/2012,544.13,0.0092
4/16/2012,539.17,0.0129
4/13/2012,532.3,-0.0093
4/12/2012,537.28,0.0183
4/11/2012,527.63,0.0198
4/10/2012,517.4,0.0034
4/9/2012,515.64,0.0081
4/6/2012,511.51,0.0082
4/5/2012,507.35,0.0141
4/4/2012,500.28,-0.0109
4/3/2012,505.77,0.0114
3/30/2012,500.07,0.0032
3/29/2012,498.48,-0.0120
3/28/2012,504.54,0.0042
3/27/2012,502.41,-0.0287
3/26/2012,517.27,0.0086
3/23/2012,512.84,0.0144
3/22/2012,505.54,-0.0025
3/21/2012,506.8,0.0110
3/20/2012,501.29,0.0082
3/19/2012,497.22,0.0007
3/16/2012,496.87,-0.0118
3/15/2012,502.82,0.0236
3/14/2012,491.23,0.0099
3/13/2012,486.42,0.0078
3/12/2012,482.65,-0.0090
3/9/2012,487.03,-0.0041
3/8/2012,489.05,-0.0333
3/7/2012,505.9,-0.0049
3/6/2012,508.41,-0.0315
3/5/2012,524.94,0.0425
3/2/2012,503.54,0.0255
3/1/2012,491.01,0.0120
2/29/2012,485.18,0.0089
2/28/2012,480.89,-0.0102
2/27/2012,485.85,0.0169
2/24/2012,477.77,0.0029
2/23/2012,476.4,0.0115
2/22/2012,470.97,0.0188
2/21/2012,462.27,-0.0068
2/20/2012,465.44,0.0315
2/17/2012,451.22,0.0173
2/16/2012,443.54,-0.0057
2/15/2012,446.08,-0.0092
2/14/2012,450.22,0.0089
2/13/2012,446.23,-0.0262
2/10/2012,458.23,-0.0140
2/9/2012,464.73,0.0081
2/8/2012,460.98,0.0260
2/7/2012,449.31,0.0041
2/6/2012,447.47,-0.0043
2/3/2012,449.41,-0.0006
2/2/2012,449.66,0.0291
2/1/2012,436.95,0.0106
1/31/2012,432.37,0.0095
1/30/2012,428.29,0.0337
1/20/2012,414.34,-0.0007
1/19/2012,414.65,0.0287
1/18/2012,403.09,0.0104
1/17/2012,398.93,0.0029
1/16/2012,397.79,0.0085
1/13/2012,394.43,0.0166
1/12/2012,387.98,-0.0029
1/11/2012,389.1,0.0089
1/10/2012,385.65,0.0172
1/9/2012,379.12,0.0136
1/6/2012,374.02,-0.0078
1/5/2012,376.97,-0.0219
1/4/2012,385.42,0.0004
1/3/2012,385.28,-0.0085
12/30/2011,388.6,0.0043
12/29/2011,386.93,0.0026
12/28/2011,385.91,0.0093
12/27/2011,382.35,-0.0087
12/26/2011,385.69,-0.0076
12/23/2011,388.63,-0.0097
12/22/2011,392.45,-0.0207
12/21/2011,400.73,0.0037
12/20/2011,399.25,-0.0053
12/19/2011,401.37,0.0078
12/16/2011,398.25,0.0083
12/15/2011,394.96,-0.0083
12/14/2011,398.25,-0.0096
12/13/2011,402.11,-0.0088
12/12/2011,405.68,-0.0009
12/9/2011,406.03,-0.0084
12/8/2011,409.49,-0.0150
12/7/2011,415.74,-0.0052
12/6/2011,417.9,-0.0009
12/5/2011,418.27,0.0174
12/2/2011,411.13,0.0074
12/1/2011,408.1,-0.0030
11/30/2011,409.32,-0.0080
11/29/2011,412.62,0.0012
11/28/2011,412.13,-0.0024
11/25/2011,413.14,0.0003
11/24/2011,413.02,-0.0142
11/23/2011,418.96,0.0167
11/22/2011,412.06,0.0048
11/21/2011,410.08,0.0016
11/18/2011,409.41,-0.0105
11/17/2011,413.75,-0.0068
11/16/2011,416.6,0.0096
11/15/2011,412.65,-0.0111
11/14/2011,417.3,-0.0115
11/11/2011,422.14,-0.0082
11/10/2011,425.65,-0.0114
11/9/2011,430.58,-0.0093
11/8/2011,434.61,-0.0043
11/7/2011,436.5,-0.0005
11/4/2011,436.72,0.0035
11/3/2011,435.21,-0.0006
11/2/2011,435.48,-0.0087
11/1/2011,439.32,-0.0125
10/31/2011,444.87,-0.0057
10/28/2011,447.44,0.0177
10/27/2011,439.67,0.0074
10/26/2011,436.45,0.0058
10/25/2011,433.93,-0.0076
10/24/2011,437.26,0.0075
10/21/2011,434.01,0.0157
10/20/2011,427.32,0.0041
10/19/2011,425.56,-0.0097
10/18/2011,429.71,-0.0136
10/17/2011,435.63,-0.0121
10/14/2011,440.96,0.0024
10/13/2011,439.9,0.0031
10/12/2011,438.52,-0.0147
10/11/2011,445.07,-0.0055
10/10/2011,447.52,0.0027
10/7/2011,446.3,-0.0060
10/6/2011,448.98,0.0086
10/5/2011,445.16,-0.0035
10/4/2011,446.72,-0.0081
10/3/2011,450.39,-0.0122
9/30/2011,455.97,-0.0004
9/29/2011,456.14,-0.0129
9/28/2011,462.12,-0.0056
9/27/2011,464.7,0.0040
9/26/2011,462.86,-0.0133
9/23/2011,469.09,-0.0176
9/22/2011,477.5,0.0053
9/21/2011,474.96,-0.0092
9/20/2011,479.38,-0.0111
9/19/2011,484.77,0.0181
9/16/2011,476.16,-0.0270
9/15/2011,489.35,0.0045
9/14/2011,487.15,-0.0143
9/13/2011,494.22,0.0080
9/12/2011,490.28,-0.0017
9/9/2011,491.1,0.0097
9/8/2011,486.39,0.0169
9/7/2011,478.33,0.0151
9/6/2011,471.21,-0.0022
9/5/2011,472.27,-0.0048
9/1/2011,474.54,0.0284
8/31/2011,461.42,0.0151
8/30/2011,454.56,0.0135
8/29/2011,448.5,0.0221
8/26/2011,438.82,0.0064
8/25/2011,436.02,0.0123
8/24/2011,430.73,-0.0132
8/23/2011,436.5,-0.0057
8/22/2011,439.01,0.0151
8/19/2011,432.48,-0.0091
8/18/2011,436.46,0.0228
8/17/2011,426.73,0.0188
8/16/2011,418.86,0.0035
8/15/2011,417.39,0.0013
8/12/2011,416.83,-0.0012
8/11/2011,417.31,-0.0019
8/10/2011,418.09,-0.0074
8/9/2011,421.22,-0.0213
8/8/2011,430.37,-0.0143
8/5/2011,436.62,0.0073
8/4/2011,433.47,0.0095
8/3/2011,429.39,-0.0084
8/2/2011,433.02,-0.0112
8/1/2011,437.93,-0.0102
7/29/2011,442.44,-0.0052
7/28/2011,444.77,0.0010
7/27/2011,444.33,0.0060
7/26/2011,441.67,0.0011
7/25/2011,441.2,-0.0017
7/22/2011,441.96,-0.0091
7/21/2011,446.02,-0.0073
7/20/2011,449.32,0.0226
7/19/2011,439.4,-0.0096
7/18/2011,443.66,0.0048
7/15/2011,441.56,-0.0106
7/14/2011,446.27,0.0015
7/13/2011,445.59,0.0028
7/12/2011,444.35,-0.0157
7/11/2011,451.45,-0.0100
7/8/2011,456.03,0.0025
7/7/2011,454.89,0.0039
7/6/2011,453.12,-0.0061
7/5/2011,455.88,0.0128
7/4/2011,450.13,0.0036
7/1/2011,448.52,-0.0137
6/30/2011,454.77,-0.0039
6/29/2011,456.54,0.0016
6/28/2011,455.79,-0.0088
6/27/2011,459.82,0.0052
6/24/2011,457.45,-0.0028
6/23/2011,458.72,-0.0093
6/22/2011,463.03,-0.0063
6/21/2011,465.95,0.0288
6/20/2011,452.91,-0.0173
6/17/2011,460.9,-0.0082
6/16/2011,464.7,0.0098
6/15/2011,460.17,-0.0015
6/14/2011,460.85,0.0012
6/13/2011,460.32,0.0002
6/10/2011,460.24,0.0029
6/9/2011,458.93,0.0037
6/8/2011,457.22,-0.0078
6/7/2011,460.81,0.0244
6/6/2011,449.82,-0.0185
6/3/2011,458.32,-0.0136
6/2/2011,464.62,0.0329
6/1/2011,449.81,0.0349
5/31/2011,434.65,0.0221
5/30/2011,425.26,-0.0074
5/27/2011,428.45,0.0327
5/26/2011,414.87,0.0302
5/25/2011,402.7,-0.0413
5/24/2011,420.04,-0.0380
5/23/2011,436.62,-0.0351
5/20/2011,452.52,-0.0236
5/19/2011,463.44,-0.0177
5/18/2011,471.81,-0.0125
5/17/2011,477.76,-0.0088
5/16/2011,481.98,-0.0139
5/13/2011,488.75,-0.0038
5/12/2011,490.61,-0.0028
5/11/2011,492,0.0033
5/10/2011,490.36,0.0023
5/9/2011,489.25,0.0043
5/6/2011,487.16,-0.0045
5/5/2011,489.36,-0.0062
5/4/2011,492.42,0.0092
4/29/2011,487.92,0.0096
4/28/2011,483.27,-0.0007
4/27/2011,483.61,0.0117
4/26/2011,478,-0.0139
4/25/2011,484.74,0.0168
4/22/2011,476.75,-0.0144
4/21/2011,483.73,-0.0037
4/20/2011,485.55,0.0073
4/19/2011,482.05,-0.0036
4/18/2011,483.8,-0.0105
4/15/2011,488.92,-0.0043
4/14/2011,491.02,-0.0065
4/13/2011,494.25,-0.0081
4/8/2011,498.28,0.0023
4/7/2011,497.12,-0.0028
4/6/2011,498.53,0.0188
4/5/2011,489.35,0.0025
4/4/2011,488.15,0.0012
4/1/2011,487.57,-0.0028
3/31/2011,488.94,-0.0026
3/30/2011,490.23,0.0028
3/29/2011,488.84,-0.0020
3/28/2011,489.82,0.0036
3/25/2011,488.07,-0.0052
3/24/2011,490.6,-0.0093
3/23/2011,495.22,0.0143
3/22/2011,488.25,-0.0165
3/21/2011,496.43,0.0098
3/18/2011,491.61,0.0105
3/17/2011,486.48,0.0042
3/16/2011,484.44,-0.0061
3/15/2011,487.39,-0.0179
3/14/2011,496.25,-0.0284
3/11/2011,510.74,0.0258
3/10/2011,497.91,0.0231
3/9/2011,486.67,-0.0077
3/8/2011,490.43,0.0105
3/7/2011,485.32,0.0159
3/4/2011,477.72,0.0110
3/3/2011,472.52,-0.0077
3/2/2011,476.2,-0.0198
3/1/2011,485.84,0.0066
2/28/2011,482.67,-0.0164
2/25/2011,490.71,0.0182
2/24/2011,481.95,-0.0142
2/23/2011,488.87,0.0123
2/22/2011,482.91,-0.0267
2/21/2011,496.18,-0.0437
2/18/2011,518.86,-0.0172
2/17/2011,527.94,-0.0086
2/16/2011,532.52,-0.0115
2/15/2011,538.69,0.0078
2/14/2011,534.54,-0.0103
2/11/2011,540.13,-0.0024
2/10/2011,541.44,-0.0038
2/9/2011,543.49,0.0000
2/8/2011,543.5,0.0226
1/28/2011,531.47,0.0142
1/27/2011,524.03,0.0113
1/26/2011,518.16,-0.0013
1/25/2011,518.82,-0.0109
1/24/2011,524.52,-0.0073
1/21/2011,528.36,0.0160
1/20/2011,520.06,0.0054
1/19/2011,517.26,0.0126
1/18/2011,510.81,-0.0042
1/17/2011,512.95,0.0061
1/14/2011,509.86,0.0100
1/13/2011,504.82,0.0120
1/12/2011,498.84,0.0025
1/11/2011,497.61,-0.0118
1/10/2011,503.54,-0.0013
1/7/2011,504.18,-0.0037
1/6/2011,506.07,0.0011
1/5/2011,505.53,-0.0092
1/4/2011,510.23,-0.0066
12/31/2010,513.6,0.0117
12/30/2010,507.65,0.0019
12/29/2010,506.67,-0.0054
12/28/2010,509.42,0.0118
12/27/2010,503.46,0.0019
12/24/2010,502.49,-0.0067
12/23/2010,505.88,-0.0095
12/22/2010,510.72,-0.0076
12/21/2010,514.64,-0.0022
12/20/2010,515.75,-0.0158
12/17/2010,524.03,0.0108
12/16/2010,518.43,-0.0310
12/15/2010,535.04,0.0166
12/14/2010,526.29,0.0087
12/13/2010,521.76,0.0394
12/10/2010,501.99,0.0295
12/9/2010,487.59,0.0208
12/8/2010,477.67,-0.0148
12/7/2010,484.87,-0.0087
12/6/2010,489.14,0.0040
12/3/2010,487.18,0.0192
12/2/2010,478,0.0173
12/1/2010,469.86,-0.0056
11/30/2010,472.49,0.0097
11/29/2010,467.96,0.0193
11/26/2010,459.11,-0.0042
11/25/2010,461.05,0.0067
11/24/2010,458,0.0077
11/23/2010,454.5,0.0171
11/22/2010,446.86,0.0025
11/19/2010,445.73,-0.0051
11/18/2010,448.03,0.0128
11/17/2010,442.36,-0.0080
11/16/2010,445.91,-0.0151
11/15/2010,452.73,-0.0206
11/12/2010,462.24,-0.0146
11/11/2010,469.11,-0.0089
11/10/2010,473.3,0.0020
11/9/2010,472.34,-0.0157
11/8/2010,479.85,-0.0033
11/5/2010,481.46,0.0189
11/4/2010,472.55,0.0082
11/3/2010,468.71,-0.0042
11/2/2010,470.67,-0.0082
11/1/2010,474.56,-0.0042
10/29/2010,476.56,0.0079
10/28/2010,472.81,0.0033
10/27/2010,471.26,-0.0108
10/26/2010,476.42,0.0162
10/25/2010,468.81,0.0072
10/22/2010,465.45,0.0022
10/21/2010,464.45,0.0076
10/20/2010,460.96,-0.0265
10/19/2010,473.51,-0.0059
10/18/2010,476.33,-0.0033
10/15/2010,477.89,-0.0035
10/14/2010,479.56,0.0042
10/13/2010,477.55,0.0039
10/12/2010,475.71,-0.0124
10/11/2010,481.68,-0.0006
10/8/2010,481.98,-0.0034
10/7/2010,483.61,0.0012
10/6/2010,483.05,0.0201
10/5/2010,473.55,0.0133
10/4/2010,467.33,-0.0085
10/1/2010,471.35,-0.0054
9/30/2010,473.93,0.0042
9/29/2010,471.93,-0.0034
9/28/2010,473.56,0.0112
9/27/2010,468.32,0.0016
9/24/2010,467.58,-0.0009
9/23/2010,468.01,-0.0035
9/22/2010,469.64,0.0031
9/21/2010,468.21,-0.0175
9/20/2010,476.57,0.0010
9/17/2010,476.11,0.0201
9/16/2010,466.73,-0.0017
9/15/2010,467.54,-0.0016
9/14/2010,468.27,0.0004
9/13/2010,468.09,-0.0051
9/10/2010,470.51,-0.0291
9/9/2010,484.63,0.0130
9/8/2010,478.4,-0.0051
9/7/2010,480.86,-0.0157
9/6/2010,488.54,0.0143
9/1/2010,481.65,0.0062
8/31/2010,478.7,0.0258
8/30/2010,466.65,0.0361
8/27/2010,450.41,0.0056
8/26/2010,447.91,0.0121
8/25/2010,442.55,-0.0187
8/24/2010,450.97,-0.0316
8/23/2010,465.68,-0.0139
8/20/2010,472.26,0.0140
8/19/2010,465.75,-0.0092
8/18/2010,470.08,-0.0201
8/17/2010,479.72,-0.0026
8/16/2010,480.99,0.0252
8/13/2010,469.15,0.0059
8/12/2010,466.41,-0.0306
8/11/2010,481.11,0.0014
8/10/2010,480.46,-0.0236
8/9/2010,492.05,-0.0194
8/6/2010,501.78,-0.0084
8/5/2010,506.05,0.0037
8/4/2010,504.16,-0.0108
8/3/2010,509.64,0.0027
8/2/2010,508.27,-0.0077
7/30/2010,512.21,0.0070
7/29/2010,508.64,0.0008
7/28/2010,508.23,-0.0097
7/27/2010,513.23,0.0016
7/26/2010,512.39,-0.0058
7/23/2010,515.39,0.0016
7/22/2010,514.58,-0.0079
7/21/2010,518.66,-0.0020
7/20/2010,519.72,-0.0041
7/19/2010,521.85,0.0008
7/16/2010,521.45,0.0012
7/15/2010,520.83,-0.0052
7/14/2010,523.57,-0.0043
7/13/2010,525.82,0.0204
7/12/2010,515.32,0.0009
7/9/2010,514.84,-0.0004
7/8/2010,515.04,0.0037
7/7/2010,513.12,-0.0093
7/6/2010,517.94,-0.0115
7/5/2010,523.94,0.0084
7/2/2010,519.6,-0.0046
7/1/2010,522.02,-0.0052
6/30/2010,524.73,-0.0048
6/29/2010,527.25,0.0123
6/28/2010,520.86,0.0020
6/25/2010,519.8,-0.0177
6/24/2010,529.19,0.0009
6/23/2010,528.73,-0.0042
6/22/2010,530.97,0.0012
6/21/2010,530.36,0.0072
6/18/2010,526.57,0.0039
6/17/2010,524.54,0.0014
6/16/2010,523.83,0.0078
6/15/2010,519.79,-0.0046
6/14/2010,522.2,0.0052
6/11/2010,519.51,0.0087
6/10/2010,515.04,0.0079
6/9/2010,511.01,0.0038
6/8/2010,509.07,-0.0017
6/7/2010,509.95,-0.0264
6/4/2010,523.78,-0.0006
6/3/2010,524.09,0.0013
6/2/2010,523.42,0.0026
6/1/2010,522.05,0.0033
5/31/2010,520.32,-0.0133
5/28/2010,527.32,0.0241
5/27/2010,514.9,0.0054
5/26/2010,512.14,0.0081
5/25/2010,508.03,0.0029
5/24/2010,506.58,0.0208
5/21/2010,496.24,-0.0400
5/20/2010,516.91,0.0241
5/19/2010,504.76,-0.0323
5/18/2010,521.61,-0.0041
5/17/2010,523.76,-0.0262
5/14/2010,537.83,0.0005
5/13/2010,537.58,0.0037
5/12/2010,535.58,-0.0251
5/11/2010,549.35,0.0036
5/10/2010,547.38,-0.0141
5/7/2010,555.2,-0.0131
5/6/2010,562.56,-0.0051
5/5/2010,565.47,-0.0050
5/4/2010,568.34,0.0138
4/29/2010,560.62,-0.0012
4/28/2010,561.29,0.0022
4/27/2010,560.04,0.0097
4/26/2010,554.68,0.0059
4/22/2010,551.44,0.0275
4/21/2010,536.67,0.0048
4/20/2010,534.12,-0.0047
4/19/2010,536.62,-0.0097
4/16/2010,541.88,-0.0034
4/15/2010,543.72,0.0100
4/14/2010,538.31,-0.0033
4/13/2010,540.08,-0.0042
4/12/2010,542.37,0.0039
4/9/2010,540.28,0.0017
4/8/2010,539.34,-0.0011
4/7/2010,539.96,0.0009
4/6/2010,539.47,-0.0007
4/5/2010,539.87,0.0105
4/2/2010,534.26,0.0052
4/1/2010,531.49,0.0212
3/31/2010,520.44,-0.0027
3/30/2010,521.83,-0.0171
3/29/2010,530.89,0.0001
3/26/2010,530.84,0.0029
3/25/2010,529.28,-0.0131
3/24/2010,536.3,0.0111
3/23/2010,530.42,-0.0114
3/22/2010,536.51,-0.0116
3/19/2010,542.82,-0.0072
3/18/2010,546.78,0.0164
3/17/2010,537.97,-0.0091
3/16/2010,542.91,-0.0303
3/15/2010,559.88,-0.0026
3/12/2010,561.36,0.0115
3/11/2010,555,0.0023
3/10/2010,553.75,0.0012
3/9/2010,553.07,0.0117
3/8/2010,546.69,0.0146
3/5/2010,538.84,0.0044
3/4/2010,536.46,0.0133
3/3/2010,529.41,0.0173
3/2/2010,520.4,-0.0040
3/1/2010,522.5,0.0106
2/26/2010,517.02,-0.0057
2/25/2010,520.01,-0.0037
2/24/2010,521.93,0.0012
2/23/2010,521.29,-0.0285
2/22/2010,536.57,0.0014
2/12/2010,535.8,0.0105
2/11/2010,530.24,0.0203
2/10/2010,519.69,0.0187
2/9/2010,510.17,-0.0215
2/8/2010,521.39,0.0000
2/5/2010,521.39,-0.0247
2/4/2010,534.61,0.0204
2/3/2010,523.91,0.0174
2/2/2010,514.93,0.0060
2/1/2010,511.86,0.0136
1/29/2010,504.97,-0.0006
1/28/2010,505.28,-0.0118
1/27/2010,511.32,-0.0277
1/26/2010,525.9,0.0372
1/25/2010,507.03,0.0067
1/22/2010,503.64,0.0002
1/21/2010,503.53,-0.0231
1/20/2010,515.43,-0.0085
1/19/2010,519.86,0.0218
1/18/2010,508.79,-0.0380
1/15/2010,528.89,-0.0171
1/14/2010,538.11,0.0017
1/13/2010,537.17,0.0259
1/12/2010,523.61,-0.0318
1/11/2010,540.78,-0.0123
1/8/2010,547.5,-0.0234
1/7/2010,560.61,-0.0085
1/6/2010,565.41,-0.0022
1/5/2010,566.65,0.0295
1/4/2010,550.43,0.0465
12/31/2009,525.97,0.0021
12/30/2009,524.86,0.0238
12/29/2009,512.66,-0.0264
12/28/2009,526.56,-0.0019
12/25/2009,527.54,0.0344
12/24/2009,510.01,0.0189
12/23/2009,500.55,0.0192
12/22/2009,491.11,0.0210
12/21/2009,481,0.0451
12/18/2009,460.26,0.0074
12/17/2009,456.87,-0.0222
12/16/2009,467.25,-0.0458
12/15/2009,489.69,-0.0062
12/14/2009,492.74,0.0280
12/11/2009,479.32,-0.0259
12/10/2009,492.05,-0.0231
12/9/2009,503.71,-0.0377
12/8/2009,523.42,-0.0199
12/7/2009,534.07,0.0048
12/4/2009,531.53,-0.0036
12/3/2009,533.45,-0.0097
12/2/2009,538.7,-0.0287
12/1/2009,554.61,0.0177
11/30/2009,544.94,0.0356
11/27/2009,526.21,0.0155
11/26/2009,518.17,-0.0374
11/25/2009,538.32,-0.0434
11/24/2009,562.74,-0.0172
11/23/2009,572.58,-0.0334
11/20/2009,592.36,-0.0032
11/19/2009,594.27,0.0148
11/18/2009,585.63,0.0147
11/17/2009,577.14,0.0062
11/16/2009,573.61,-0.0054
11/13/2009,576.7,0.0025
11/12/2009,575.25,0.0182
11/11/2009,564.95,0.0308
11/10/2009,548.05,-0.0108
11/9/2009,554.02,-0.0345
11/6/2009,573.79,-0.0017
11/5/2009,574.79,0.0332
11/4/2009,556.31,0.0017
11/3/2009,555.39,-0.0404
11/2/2009,578.75,-0.0455
10/30/2009,606.31,0.0097
10/29/2009,600.49,-0.0262
10/28/2009,616.66,0.0089
10/27/2009,611.2,-0.0171
10/26/2009,621.83,-0.0079
10/23/2009,626.78,-0.0157
10/22/2009,636.78,0.0084
10/21/2009,631.46,0.0056
10/20/2009,627.97,0.0184
10/19/2009,616.61,-0.0045
10/16/2009,619.37,-0.0117
10/15/2009,626.72,0.0183
10/14/2009,615.47,0.0280
10/13/2009,598.72,-0.0096
10/12/2009,604.52,0.0188
10/9/2009,593.35,0.0133
10/8/2009,585.55,0.0046
10/7/2009,582.84,0.0267
10/6/2009,567.67,0.0042
10/5/2009,565.29,0.0018
10/2/2009,564.25,-0.0334
10/1/2009,583.75,-0.0175
9/30/2009,594.12,-0.0049
9/29/2009,597.07,0.0000
9/28/2009,597.09,-0.0008
9/25/2009,597.56,0.0136
9/24/2009,589.57,-0.0198
9/23/2009,601.48,-0.0045
9/22/2009,604.19,0.0139
9/21/2009,595.89,0.0149
9/18/2009,587.13,0.0169
9/17/2009,577.38,0.0117
9/16/2009,570.69,-0.0091
9/15/2009,575.92,-0.0019
9/14/2009,576.99,0.0172
9/11/2009,567.22,0.0160
9/10/2009,558.26,0.0128
9/9/2009,551.23,-0.0017
9/8/2009,552.15,0.0264
9/7/2009,537.93,-0.0060
9/4/2009,541.19,-0.0225
9/3/2009,553.65,-0.0120
9/1/2009,560.36,0.0024
8/31/2009,559,0.0201
8/28/2009,548,0.0160
8/27/2009,539.37,0.0014
8/26/2009,538.6,-0.0051
8/25/2009,541.37,-0.0018
8/24/2009,542.36,0.0157
8/21/2009,534,0.0113
8/20/2009,528.02,0.0130
8/19/2009,521.24,0.0170
8/18/2009,512.53,-0.0010
8/17/2009,513.04,-0.0154
8/14/2009,521.04,0.0077
8/13/2009,517.08,0.0108
8/12/2009,511.56,0.0075
8/11/2009,507.75,0.0060
8/10/2009,504.7,0.0218
8/7/2009,493.91,0.0008
8/6/2009,493.5,0.0040
8/5/2009,491.55,0.0104
8/4/2009,486.49,0.0161
8/3/2009,478.76,0.0044
7/31/2009,476.66,0.0333
7/30/2009,461.28,-0.0121
7/29/2009,466.92,-0.0089
7/28/2009,471.11,-0.0078
7/27/2009,474.8,0.0344
7/24/2009,459.03,0.0467
7/23/2009,438.53,0.0339
7/22/2009,424.15,0.0113
7/21/2009,419.42,0.0096
7/20/2009,415.43,-0.0368
7/17/2009,431.31,-0.0082
7/16/2009,434.87,0.0113
7/15/2009,430.03,0.0257
7/14/2009,419.24,-0.0148
7/13/2009,425.52,-0.0220
7/10/2009,435.1,-0.0132
7/9/2009,440.92,0.0022
7/8/2009,439.97,0.0003
7/7/2009,439.83,-0.0127
7/6/2009,445.47,0.0437
7/3/2009,426.82,0.0083
7/2/2009,423.32,0.0214
7/1/2009,414.45,-0.0426
6/30/2009,432.87,-0.0321
6/29/2009,447.22,-0.0067
6/26/2009,450.23,0.0171
6/25/2009,442.65,-0.0008
6/24/2009,443,0.0403
6/23/2009,425.85,-0.0429
6/22/2009,444.96,-0.0353
6/19/2009,461.26,-0.0063
6/18/2009,464.18,0.0105
6/17/2009,459.37,0.0061
6/16/2009,456.6,-0.0448
6/15/2009,478.01,-0.0397
6/12/2009,497.75,-0.0118
6/11/2009,503.7,0.0261
6/10/2009,490.91,-0.0346
6/9/2009,508.48,0.0181
6/8/2009,499.45,0.0475
6/5/2009,476.81,0.0436
6/4/2009,456.87,0.0244
6/3/2009,446,0.0011
6/2/2009,445.51,0.0345
6/1/2009,430.67,0.0329
5/29/2009,416.94,-0.0086
5/28/2009,420.56,-0.0219
5/27/2009,429.98,0.0021
5/26/2009,429.07,0.0074
5/25/2009,425.9,0.0429
5/22/2009,408.4,-0.0158
5/21/2009,414.96,-0.0089
5/20/2009,418.67,0.0238
5/19/2009,408.94,0.0270
5/18/2009,398.18,0.0001
5/15/2009,398.16,0.0333
5/14/2009,385.31,-0.0100
5/13/2009,389.22,-0.0211
5/12/2009,397.61,0.0253
5/11/2009,387.78,0.0212
5/8/2009,379.74,0.0121
5/7/2009,375.21,0.0428
5/6/2009,359.81,0.0078
5/5/2009,357.02,0.0470
5/4/2009,340.99,0.0475
4/29/2009,325.52,0.0233
4/28/2009,318.11,0.0060
4/27/2009,316.22,0.0133
4/24/2009,312.08,-0.0186
4/23/2009,318,-0.0216
4/22/2009,325.02,0.0286
4/21/2009,315.98,-0.0235
4/20/2009,323.58,-0.0463
4/17/2009,339.28,-0.0337
4/16/2009,351.12,0.0198
4/15/2009,344.31,-0.0171
4/14/2009,350.3,0.0234
4/13/2009,342.3,0.0469
4/10/2009,326.97,0.0448
4/9/2009,312.95,-0.0059
4/8/2009,314.82,-0.0263
4/7/2009,323.32,0.0402
4/3/2009,310.82,0.0457
4/2/2009,297.25,0.0341
4/1/2009,287.44,0.0377
3/31/2009,276.99,-0.0120
3/30/2009,280.36,-0.0195
3/27/2009,285.95,0.0044
3/26/2009,284.71,0.0366
3/25/2009,274.67,0.0309
3/24/2009,266.45,0.0456
3/23/2009,254.82,-0.0251
3/20/2009,261.39,-0.0001
3/19/2009,261.42,-0.0239
3/18/2009,267.82,0.0429
3/17/2009,256.8,0.0362
3/16/2009,247.83,0.0160
3/13/2009,243.92,0.0052
3/12/2009,242.66,-0.0205
3/11/2009,247.73,0.0152
3/10/2009,244.01,0.0149
3/9/2009,240.42,0.0052
3/6/2009,239.18,-0.0059
3/5/2009,240.59,0.0085
3/4/2009,238.57,0.0119
3/3/2009,235.76,-0.0285
3/2/2009,242.67,0.0107
2/27/2009,240.11,0.0135
2/26/2009,236.91,-0.0115
2/25/2009,239.66,0.0387
2/24/2009,230.72,-0.0350
2/23/2009,239.1,-0.0323
2/20/2009,247.09,-0.0102
2/19/2009,249.63,0.0009
2/18/2009,249.4,-0.0322
2/17/2009,257.71,-0.0358
2/16/2009,267.29,-0.0080
2/13/2009,269.45,-0.0055
2/12/2009,270.95,-0.0014
2/11/2009,271.33,-0.0217
2/10/2009,277.34,-0.0189
2/9/2009,282.68,0.0185
2/6/2009,277.54,0.0147
2/5/2009,273.53,-0.0281
2/4/2009,281.44,-0.0085
2/3/2009,283.86,-0.0357
2/2/2009,294.36,-0.0204
1/23/2009,300.48,0.0067
1/22/2009,298.49,0.0032
1/21/2009,297.55,-0.0135
1/20/2009,301.63,-0.0082
1/19/2009,304.13,-0.0037
1/16/2009,305.26,0.0056
1/15/2009,303.55,-0.0153
1/14/2009,308.28,0.0050
1/13/2009,306.75,-0.0175
1/12/2009,312.22,-0.0022
1/9/2009,312.9,-0.0039
1/8/2009,314.14,-0.0199
1/7/2009,320.53,0.0201
1/6/2009,314.21,0.0096
1/5/2009,311.23,-0.0067
