days,vnindex,vn30index,tbill
17/8/2021,1363.09,1494.12,0.421
16/8/2021,1370.96,1500.77,0.42
13/8/2021,1357.05,1484.25,0.42
12/8/2021,1353.05,1477.06,0.42
11/8/2021,1357.79,1487.91,0.42
10/8/2021,1362.43,1494.41,0.42
9/8/2021,1359.86,1497.83,0.42
6/8/2021,1341.45,1476.79,0.424
5/8/2021,1345.55,1486.46,0.425
4/8/2021,1334.74,1472.2,0.414
3/8/2021,1332.44,1469.87,0.393
2/8/2021,1314.22,1448.21,0.452
30/7/2021,1310.05,1447.23,0.453
29/7/2021,1293.6,1427.55,0.453
28/7/2021,1277.07,1407.5,0.454
27/7/2021,1276.93,1409.85,0.454
26/7/2021,1272.71,1403.96,0.456
23/7/2021,1268.83,1401.53,0.457
22/7/2021,1293.67,1428.48,0.454
21/7/2021,1270.79,1406.54,0.454
20/7/2021,1273.29,1411.02,0.454
19/7/2021,1243.51,1374.15,0.464
16/7/2021,1299.31,1438.05,0.464
15/7/2021,1293.92,1430.29,0.464
14/7/2021,1279.91,1410.3,0.464
13/7/2021,1297.54,1440.87,0.463
12/7/2021,1296.3,1443.1,0.464
9/7/2021,1347.14,1494.43,0.464
8/7/2021,1374.68,1521.21,0.464
7/7/2021,1388.55,1538.77,0.464
6/7/2021,1354.79,1488.42,0.48
5/7/2021,1411.13,1557.41,0.52
2/7/2021,1420.27,1554.59,0.52
1/7/2021,1417.08,1545.14,0.52
30/6/2021,1408.55,1529,0.49
29/6/2021,1410.04,1529.97,0.5
28/6/2021,1405.81,1521.41,0.498
25/6/2021,1390.12,1500.3,0.487
24/6/2021,1379.72,1486.96,0.489
23/6/2021,1376.87,1489.53,0.483
22/6/2021,1379.97,1489.24,0.484
21/6/2021,1372.63,1478.29,0.495
18/6/2021,1377.77,1481.3,0.499
17/6/2021,1359.92,1461.91,0.512
16/6/2021,1356.52,1465.58,0.51
15/6/2021,1367.36,1487.04,0.511
14/6/2021,1361.72,1495.51,0.51
11/6/2021,1351.74,1487.61,0.512
10/6/2021,1323.58,1451.18,0.513
9/6/2021,1332.9,1457.76,0.512
8/6/2021,1319.88,1438.97,0.513
7/6/2021,1358.78,1484.1,0.514
4/6/2021,1374.05,1508.35,0.516
3/6/2021,1364.28,1504.37,0.517
2/6/2021,1340.78,1478.85,0.483
1/6/2021,1337.78,1482.92,0.529
31/5/2021,1328.05,1474.78,0.642
28/5/2021,1320.46,1458.78,0.601
27/5/2021,1303.57,1437.38,0.633
26/5/2021,1316.7,1455.11,0.415
25/5/2021,1308.58,1444.01,0.422
24/5/2021,1297.98,1430.48,0.422
21/5/2021,1283.93,1425.04,0.423
20/5/2021,1278.22,1424.92,0.425
19/5/2021,1262.49,1401.71,0.425
18/5/2021,1252.68,1378.59,0.414
17/5/2021,1258.7,1371.36,0.374
14/5/2021,1266.36,1380.02,0.409
13/5/2021,1261.99,1370.18,0.409
12/5/2021,1269.09,1380.17,0.386
11/5/2021,1256.04,1359.19,0.388
10/5/2021,1259.58,1370.66,0.388
7/5/2021,1241.81,1340.73,0.39
6/5/2021,1250.57,1344.64,0.385
5/5/2021,1256.43,1346.89,0.385
4/5/2021,1242.2,1328.03,0.392
29/4/2021,1239.39,1312.28,0.38
28/4/2021,1229.55,1294.06,0.385
27/4/2021,1219.75,1283.81,0.394
26/4/2021,1215.77,1275.04,0.377
23/4/2021,1248.53,1301.39,0.388
22/4/2021,1227.82,1271.53,0.388
20/4/2021,1268.28,1312.68,0.389
19/4/2021,1260.58,1306.22,0.389
16/4/2021,1238.71,1276.87,0.39
15/4/2021,1247.25,1284.2,0.39
14/4/2021,1255.87,1290.77,0.409
13/4/2021,1248.33,1277.35,0.41
12/4/2021,1252.45,1278.19,0.401
9/4/2021,1231.66,1253.26,0.393
8/4/2021,1234.89,1251.81,0.395
7/4/2021,1242.38,1257.77,0.394
6/4/2021,1239.96,1255.36,0.396
5/4/2021,1236.05,1249.9,0.405
2/4/2021,1224.45,1238.03,0.398
1/4/2021,1216.1,1226.16,0.398
31/3/2021,1191.44,1196.24,0.349
30/3/2021,1186.36,1190.86,0.349
29/3/2021,1175.68,1180.07,0.349
26/3/2021,1162.21,1167.19,0.351
25/3/2021,1163.1,1164.64,0.348
24/3/2021,1161.81,1165.61,0.348
23/3/2021,1183.45,1186.98,0.359
22/3/2021,1194.43,1198.54,0.356
19/3/2021,1194.05,1203.36,0.363
18/3/2021,1200.94,1211.54,0.37
17/3/2021,1186.09,1193.45,0.366
16/3/2021,1179.9,1187.84,0.375
15/3/2021,1184.56,1190.86,0.376
12/3/2021,1181.56,1187.81,0.359
11/3/2021,1181.73,1188.71,0.356
10/3/2021,1170.08,1172.26,0.354
9/3/2021,1161.97,1163,0.357
8/3/2021,1168.27,1170,0.354
5/3/2021,1168.69,1173.83,0.365
4/3/2021,1168.52,1174.29,0.364
3/3/2021,1186.95,1195.6,0.365
2/3/2021,1186.61,1194.71,0.374
1/3/2021,1186.17,1191.83,0.373
26/2/2021,1168.47,1173.6,0.376
25/2/2021,1165.43,1169.82,0.347
24/2/2021,1162.01,1167.18,0.347
23/2/2021,1177.64,1182.47,0.335
22/2/2021,1175.04,1180.55,0.353
19/2/2021,1173.5,1180.59,0.359
18/2/2021,1174.38,1187.94,0.351
17/2/2021,1155.78,1174.91,0.355
9/2/2021,1114.93,1129.49,0.359
8/2/2021,1083.18,1092.59,0.36
5/2/2021,1126.91,1135.5,0.356
4/2/2021,1112.19,1117.74,0.361
3/2/2021,1111.29,1117.98,0.362
2/2/2021,1075.53,1079.7,0.357
1/2/2021,1035.51,1029.86,0.349
29/1/2021,1056.61,1048.31,0.323
28/1/2021,1023.94,1010.75,0.329
27/1/2021,1097.17,1083.63,0.322
26/1/2021,1136.12,1125.09,0.329
25/1/2021,1166.05,1154.29,0.335
22/1/2021,1166.78,1156.58,0.349
21/1/2021,1164.21,1151.3,0.35
20/1/2021,1134.68,1116.21,0.337
19/1/2021,1131,1107.32,0.338
18/1/2021,1191.94,1173.34,0.341
15/1/2021,1194.2,1182.2,0.35
14/1/2021,1187.4,1168.99,0.374
13/1/2021,1186.05,1164.57,0.404
12/1/2021,1192.28,1169.03,0.407
11/1/2021,1184.89,1163.4,0.395
8/1/2021,1167.69,1147.86,0.368
7/1/2021,1156.49,1130.59,0.365
6/1/2021,1143.21,1113.72,0.35
5/1/2021,1132.55,1104.3,0.34
4/1/2021,1120.47,1091.87,0.304
31/12/2020,1103.87,1070.77,0.304
30/12/2020,1097.54,1059.16,0.295
29/12/2020,1099.49,1058.39,0.295
28/12/2020,1091.33,1054.23,0.297
25/12/2020,1084.42,1052.13,0.287
24/12/2020,1067.52,1033.95,0.287
23/12/2020,1078.9,1045.7,0.287
22/12/2020,1083.45,1052.23,0.288
21/12/2020,1081.08,1049.71,0.288
18/12/2020,1067.46,1036.65,0.289
17/12/2020,1051.77,1016.95,0.289
16/12/2020,1066.99,1029.72,0.289
15/12/2020,1055.27,1013.02,0.29
14/12/2020,1064.09,1024.28,0.289
11/12/2020,1045.96,1008.65,0.29
10/12/2020,1030.91,994.28,0.291
9/12/2020,1039.13,1004.03,0.291
8/12/2020,1029.26,993.61,0.292
7/12/2020,1029.98,992.01,0.292
4/12/2020,1021.49,984.34,0.292
3/12/2020,1019.8,985.44,0.293
2/12/2020,1014.32,979.95,0.293
1/12/2020,1008.87,976.35,0.293
30/11/2020,1003.08,965.89,0.294
27/11/2020,1010.22,971.11,0.294
26/11/2020,1005.97,964.16,0.294
25/11/2020,999.94,960.63,0.295
24/11/2020,995.76,959.61,0.295
23/11/2020,994.19,960.03,0.296
20/11/2020,990,950.89,0.296
19/11/2020,983.26,944.92,0.296
18/11/2020,973.53,937.67,0.297
17/11/2020,968.9,934.65,0.303
16/11/2020,950.79,915.97,0.308
13/11/2020,966.29,931.2,0.309
12/11/2020,959.28,923,0.309
11/11/2020,952.22,916.68,0.31
10/11/2020,951.9,916.5,0.31
9/11/2020,951.99,917.42,0.311
6/11/2020,938.29,902.91,0.312
5/11/2020,937.75,903.64,0.316
4/11/2020,939.76,905.48,0.313
3/11/2020,935.41,902.14,0.317
2/11/2020,933.68,899.27,0.314
30/10/2020,925.47,892.55,0.315
29/10/2020,919.08,886.68,0.314
28/10/2020,921.05,888.88,0.306
27/10/2020,946.47,915.46,0.316
26/10/2020,950.8,919.56,0.319
23/10/2020,961.26,930.3,0.318
22/10/2020,949.9,918.3,0.318
21/10/2020,939.03,906.1,0.322
20/10/2020,944.42,909.49,0.322
19/10/2020,943.69,903.51,0.323
16/10/2020,943.3,901.59,0.318
15/10/2020,942.76,899.2,0.318
14/10/2020,940.18,892.15,0.328
13/10/2020,929.86,878.35,0.328
12/10/2020,925.83,874.9,0.329
9/10/2020,924,874.53,0.329
8/10/2020,918.84,869.82,0.333
7/10/2020,919.72,870.85,0.332
6/10/2020,915.67,871.37,0.34
5/10/2020,914.68,867.7,0.332
2/10/2020,909.91,861.51,0.323
1/10/2020,914.09,867.58,0.362
30/9/2020,905.21,858.54,0.267
29/9/2020,903.98,856.2,0.27
28/9/2020,912.5,863.31,0.285
25/9/2020,908.27,854.71,0.391
24/9/2020,908.58,853.21,0.387
23/9/2020,912.5,858.3,0.391
22/9/2020,906.19,852.72,0.399
21/9/2020,907.94,851.54,0.41
18/9/2020,900.95,841.26,0.405
17/9/2020,894.04,831.84,0.413
16/9/2020,897.47,834.5,0.423
15/9/2020,896.26,833.33,0.421
14/9/2020,894.57,832.24,0.413
11/9/2020,888.97,825.56,0.422
10/9/2020,888.82,825.85,0.422
9/9/2020,889.32,824.42,0.413
8/9/2020,890.14,827.57,0.413
7/9/2020,888.25,824.36,0.414
4/9/2020,901.54,840.54,0.421
3/9/2020,903.97,843.64,0.417
1/9/2020,891.73,832.03,0.416
31/8/2020,881.65,823.93,0.413
28/8/2020,878.98,821.93,0.401
27/8/2020,874.71,814.55,0.425
26/8/2020,873.47,812.36,0.407
25/8/2020,874.12,815.18,0.408
24/8/2020,868.68,809.69,0.408
21/8/2020,854.78,793.6,0.407
20/8/2020,848.21,786.11,0.417
19/8/2020,851.21,789.41,0.407
18/8/2020,846.43,786.95,0.406
17/8/2020,850.15,791.54,0.402
14/8/2020,850.74,791.98,0.402
13/8/2020,855.05,795.09,0.375
12/8/2020,846.92,788.42,0.444
11/8/2020,843.08,784.57,0.503
10/8/2020,843.2,784.3,0.498
7/8/2020,841.46,782.15,0.504
6/8/2020,840.04,781.6,0.498
5/8/2020,837.8,780.71,0.498
4/8/2020,827.57,768.22,0.507
3/8/2020,814.65,757.86,0.489
31/7/2020,798.39,740.73,0.513
30/7/2020,801.13,746.02,0.513
29/7/2020,790.84,735.16,0.51
28/7/2020,813.36,756.17,0.51
27/7/2020,785.17,729.93,0.501
24/7/2020,829.16,772.29,0.501
23/7/2020,856.75,800.29,0.505
22/7/2020,855.08,797.85,0.501
21/7/2020,861.69,804.7,0.505
20/7/2020,861.4,803.36,0.505
17/7/2020,872.02,814.16,0.51
16/7/2020,876.83,819.83,0.505
15/7/2020,869.91,810.16,0.528
14/7/2020,868.11,805.37,0.547
13/7/2020,868.72,806.17,0.58
10/7/2020,871.21,809.02,0.581
9/7/2020,876.46,817.08,0.563
8/7/2020,864.5,805.06,0.57
7/7/2020,863.42,805.68,0.57
6/7/2020,861.16,803.46,0.57
3/7/2020,847.61,789.87,0.597
2/7/2020,842.38,785.59,0.596
1/7/2020,843.49,786.82,0.597
30/6/2020,825.11,770.53,0.597
29/6/2020,829.36,774.81,0.597
26/6/2020,851.98,795.53,0.563
25/6/2020,854.59,796.51,0.563
24/6/2020,859.71,801.62,0.548
23/6/2020,868.2,807.61,0.623
22/6/2020,871.28,809.97,0.623
19/6/2020,868.56,808.28,0.623
18/6/2020,855.27,797.08,0.657
17/6/2020,854.44,796.43,0.707
16/6/2020,856.13,798.82,0.731
15/6/2020,832.47,778.71,0.755
12/6/2020,863.52,807.76,0.773
11/6/2020,867.37,806.87,0.791
10/6/2020,900.68,839.11,0.856
9/6/2020,899.43,837.02,0.818
8/6/2020,899.92,838.52,0.925
5/6/2020,886.22,826.47,0.939
4/6/2020,883.9,823.77,0.943
3/6/2020,881.17,824.29,0.944
2/6/2020,874.8,818.7,0.99
1/6/2020,878.67,821.47,0.935
29/5/2020,864.47,806.23,0.945
28/5/2020,861.39,804.06,0.975
27/5/2020,857.48,801.36,1.009
26/5/2020,869.13,815.01,1.002
25/5/2020,859.04,807.25,1.063
22/5/2020,852.74,803.14,0.999
21/5/2020,862.73,815.55,0.949
20/5/2020,852.91,803.32,1.262
19/5/2020,845.92,799.31,1.336
18/5/2020,837.01,787.27,1.567
15/5/2020,827.03,773.95,1.588
14/5/2020,832.4,780.73,1.594
13/5/2020,834.21,783.69,1.588
12/5/2020,835.32,782.45,1.588
11/5/2020,828.33,777.13,1.648
8/5/2020,813.73,760.15,1.705
7/5/2020,796.54,739.98,1.747
6/5/2020,782.59,725.94,1.748
5/5/2020,764.16,711.01,1.819
4/5/2020,762.47,709.35,1.896
29/4/2020,769.11,715.33,1.873
28/4/2020,767.21,715.74,1.861
27/4/2020,770.77,719.66,1.875
24/4/2020,776.66,725.05,1.966
23/4/2020,773.91,717.49,2.026
22/4/2020,768.92,714.42,2.106
21/4/2020,766.84,706.65,2.106
20/4/2020,794.97,736.31,2.067
17/4/2020,789.6,734.98,2.079
16/4/2020,780.7,726.57,2.119
15/4/2020,777.22,722.8,2.248
14/4/2020,767.41,713.81,2.175
13/4/2020,765.79,706.37,2.227
10/4/2020,757.94,695.74,2.267
9/4/2020,760.33,697.85,2.193
8/4/2020,748.02,691.17,2.15
7/4/2020,746.69,693.61,2.327
6/4/2020,736.75,682.65,2.595
3/4/2020,701.8,649.15,2.687
1/4/2020,680.23,628.79,2.723
31/3/2020,662.53,610.76,2.632
30/3/2020,662.26,613.02,2.524
27/3/2020,696.06,642.23,2.234
26/3/2020,694.21,646.7,2.053
25/3/2020,690.25,652.31,1.841
24/3/2020,659.21,625.43,1.941
23/3/2020,666.59,632.86,2.034
20/3/2020,709.73,673.7,1.845
19/3/2020,725.94,679.55,1.83
18/3/2020,747.66,700.65,1.689
17/3/2020,745.78,699.73,1.648
16/3/2020,747.86,698.18,1.648
13/3/2020,761.78,716.65,1.629
12/3/2020,769.25,719.21,1.611
11/3/2020,811.35,758.16,1.625
10/3/2020,837.5,789.51,1.651
9/3/2020,835.49,782.85,1.501
6/3/2020,891.44,835.97,1.501
5/3/2020,893.31,839.12,1.531
4/3/2020,889.37,837.99,1.597
3/3/2020,890.61,837.99,1.803
2/3/2020,884.43,835.42,1.849
28/2/2020,882.19,831.97,1.811
27/2/2020,898.44,848.34,1.882
26/2/2020,895.97,841.68,1.847
25/2/2020,909.67,849.58,1.821
24/2/2020,903.34,837.4,1.967
21/2/2020,933.09,868.89,1.848
20/2/2020,938.13,871.4,1.758
19/2/2020,928.76,863.84,1.725
18/2/2020,927.93,861.71,1.738
17/2/2020,934.77,866.27,1.738
14/2/2020,937.45,865.86,1.778
13/2/2020,938.24,864.16,1.72
12/2/2020,937.68,863.23,1.814
11/2/2020,934.67,856.39,1.875
10/2/2020,930.73,852.87,1.887
7/2/2020,940.75,863.49,1.673
6/2/2020,938.54,862.86,1.649
5/2/2020,925.91,845.31,1.638
4/2/2020,929.09,845.52,1.724
3/2/2020,928.14,842.67,1.745
31/1/2020,936.62,848.63,1.515
30/1/2020,959.58,875.82,1.36
22/1/2020,991.46,909.09,1.235
21/1/2020,986.37,906.52,1.211
20/1/2020,978.63,897.4,1.14
17/1/2020,978.96,894.84,1.14
16/1/2020,974.31,891.96,1.1
15/1/2020,967.56,885.36,1.102
14/1/2020,967,884.77,1.247
13/1/2020,965.84,881.79,1.278
10/1/2020,968.54,885.52,1.303
9/1/2020,960.15,877.76,1.303
8/1/2020,948.98,865.18,1.25
7/1/2020,958.88,876.7,1.458
6/1/2020,955.79,872.34,1.47
3/1/2020,965.14,883.28,1.495
2/1/2020,966.67,886.88,1.545
31/12/2019,960.99,879.06,1.483
30/12/2019,965.03,880.29,1.52
27/12/2019,963.51,876.38,1.508
26/12/2019,958.59,872.07,1.483
25/12/2019,960.92,873.18,1.518
24/12/2019,958.88,869.88,1.543
23/12/2019,959.43,868.2,1.543
20/12/2019,956.41,868.37,1.555
19/12/2019,952.26,862.23,1.59
18/12/2019,951.13,863.16,1.604
17/12/2019,954.03,867.44,1.762
16/12/2019,961.47,876.65,1.753
13/12/2019,966.18,880.55,1.68
12/12/2019,968.17,884.8,1.655
11/12/2019,961.78,878.27,1.655
10/12/2019,960.3,873.16,1.68
9/12/2019,966.06,879.94,1.595
6/12/2019,963.56,880.43,1.62
5/12/2019,963.27,879.32,1.883
4/12/2019,965.9,883.56,2.109
3/12/2019,953.43,868.68,2.15
2/12/2019,959.31,875.1,2.187
29/11/2019,970.75,887.47,2.14
28/11/2019,970.39,885.7,2.078
27/11/2019,978.17,895.06,2.093
26/11/2019,976.79,897.5,2.27
25/11/2019,976.35,894.8,2.17
22/11/2019,977.78,892.31,2.17
21/11/2019,987.89,898.23,2.146
20/11/2019,1000.56,917,2.07
19/11/2019,1008.35,926.07,1.772
18/11/2019,1002.91,920.95,1.865
15/11/2019,1010.03,927.36,1.926
14/11/2019,1012.3,928.44,2.157
13/11/2019,1012.77,932.6,2.159
12/11/2019,1018.33,939.82,2.159
11/11/2019,1016.75,939.72,2.176
8/11/2019,1022.49,944.7,2.176
7/11/2019,1024.03,944.25,2.097
6/11/2019,1024.91,942.38,2.297
5/11/2019,1024.34,942.34,2.338
4/11/2019,1022.43,940.25,2.25
1/11/2019,1015.59,933.55,2.153
31/10/2019,998.82,922.68,2.18
30/10/2019,1000.89,925.07,2.265
29/10/2019,995.87,923.97,2.314
28/10/2019,996.48,925.97,2.381
25/10/2019,996.57,927.05,2.345
24/10/2019,993.6,925.25,2.257
23/10/2019,987.79,919.61,2.242
22/10/2019,987.19,916.81,2.329
21/10/2019,983.56,914,2.493
18/10/2019,989.2,919.13,2.474
17/10/2019,989.82,919.1,2.428
16/10/2019,994.46,924.64,2.492
15/10/2019,993.05,923.27,2.632
14/10/2019,993.57,921.91,2.721
11/10/2019,991.84,916.68,2.721
10/10/2019,987.38,913.05,2.702
9/10/2019,987.83,914.54,2.831
8/10/2019,988.22,915.27,2.839
7/10/2019,983.09,907.5,2.839
4/10/2019,987.59,915.16,2.849
3/10/2019,992.45,921.7,2.862
2/10/2019,991.19,919.73,2.864
1/10/2019,999.59,926.31,2.864
30/9/2019,996.56,922.89,2.84
27/9/2019,997.84,924.83,2.839
26/9/2019,990.75,918.1,2.84
25/9/2019,987.3,912.42,2.825
24/9/2019,988.13,910.76,2.78
23/9/2019,985.75,909.98,2.795
20/9/2019,990.36,915.16,2.768
19/9/2019,997.1,918.88,2.71
18/9/2019,995.15,913.48,2.71
17/9/2019,996.74,912.38,2.74
16/9/2019,989.86,908.6,2.684
13/9/2019,987.22,905.05,2.731
12/9/2019,976.07,894.32,2.779
11/9/2019,969.31,885.52,2.77
10/9/2019,970.26,883.04,2.765
9/9/2019,974.12,885.61,2.765
6/9/2019,974.08,885.95,2.766
5/9/2019,976.79,886.1,2.775
4/9/2019,977.63,887.12,2.765
3/9/2019,979.36,888.97,2.77
30/8/2019,984.06,892.51,2.77
29/8/2019,978.59,889.13,2.805
28/8/2019,977.26,886.08,2.83
27/8/2019,976.79,886.91,2.815
26/8/2019,982.88,892.48,2.81
23/8/2019,992.45,900.53,2.78
22/8/2019,997.26,901.29,2.803
21/8/2019,994.38,900.54,2.869
20/8/2019,984.67,894.45,2.865
19/8/2019,981.03,891.78,2.865
16/8/2019,980,892.44,2.88
15/8/2019,979.38,890.78,2.81
14/8/2019,968.91,880.51,2.961
13/8/2019,966.83,877.97,2.977
12/8/2019,975.31,882.23,2.977
9/8/2019,974.34,878.62,2.98
8/8/2019,975.24,875.81,2.97
7/8/2019,965.93,868.27,2.97
6/8/2019,964.61,866.13,2.98
5/8/2019,973.15,872.39,2.96
2/8/2019,991.1,885.29,2.935
1/8/2019,997.39,887.39,2.935
31/7/2019,991.66,883.19,2.93
30/7/2019,986.02,877.92,2.929
29/7/2019,997.94,888.54,2.875
26/7/2019,993.35,887.84,2.825
25/7/2019,994.95,890.41,2.815
24/7/2019,988.41,887.39,2.779
23/7/2019,989.46,888.26,2.78
22/7/2019,982.04,879.62,2.744
19/7/2019,982.34,880.79,2.78
18/7/2019,976.05,870.81,2.828
17/7/2019,982.57,879.75,2.905
16/7/2019,982.11,880.91,2.957
15/7/2019,972.53,873.71,2.988
12/7/2019,975.4,874.99,3.029
11/7/2019,978.63,879.1,3.136
10/7/2019,973.65,876.12,3.185
9/7/2019,969.05,872.21,3.183
8/7/2019,966.35,870.92,3.183
5/7/2019,975.34,880.23,3.175
4/7/2019,973.04,879.72,3.177
3/7/2019,960.39,869.58,3.177
2/7/2019,961.98,872.92,3.197
1/7/2019,965.61,876.26,3.214
28/6/2019,949.94,864.24,3.217
27/6/2019,943.11,854.41,3.217
26/6/2019,959.13,866.81,3.195
25/6/2019,960.13,868.5,3.195
24/6/2019,962.85,868.94,3.193
21/6/2019,959.2,866.53,3.193
20/6/2019,959.18,864.59,3.193
19/6/2019,949.69,854.34,3.197
18/6/2019,944.01,848.17,3.197
17/6/2019,946.95,852.99,3.205
14/6/2019,953.61,861.65,3.193
13/6/2019,950.08,859.68,3.208
12/6/2019,954.17,865.42,3.207
11/6/2019,962.07,870.91,3.207
10/6/2019,962.9,872.49,3.189
7/6/2019,958.28,869.56,3.193
6/6/2019,948.21,861.31,3.208
5/6/2019,951.41,863.69,3.211
4/6/2019,951.16,864.35,3.21
3/6/2019,946.47,864.08,3.216
31/5/2019,959.88,876.29,3.208
30/5/2019,969.34,883.37,3.208
29/5/2019,971.54,883.52,3.225
28/5/2019,972,885.27,3.225
27/5/2019,975.14,889.2,3.225
24/5/2019,970.03,884.48,3.233
23/5/2019,982.71,895.07,3.221
22/5/2019,983.78,897.66,3.24
21/5/2019,986.29,901.36,3.253
20/5/2019,987.13,901.06,3.265
17/5/2019,976.48,890.53,3.252
16/5/2019,975.69,891.93,3.22
15/5/2019,975.64,893.22,3.293
14/5/2019,965.34,882.67,3.293
13/5/2019,958.54,879.64,3.276
10/5/2019,952.55,876.45,3.308
9/5/2019,947.01,871.5,3.34
8/5/2019,951.22,872.78,3.313
7/5/2019,957.56,877.02,3.336
6/5/2019,957.97,878.8,3.378
3/5/2019,974.14,895.42,3.251
2/5/2019,978.5,893.87,3.238
26/4/2019,979.64,890.55,3.18
25/4/2019,974.13,885.65,3.181
24/4/2019,976.92,888.65,3.192
23/4/2019,968,878.29,3.192
22/4/2019,965.86,878.23,3.191
19/4/2019,966.21,880.52,3.213
18/4/2019,962.3,877.02,3.218
17/4/2019,972.1,885.66,3.415
16/4/2019,977.17,887.76,3.415
12/4/2019,982.9,893.1,3.435
11/4/2019,985.95,896.04,3.435
10/4/2019,981.91,893.19,3.441
9/4/2019,988.48,900.07,3.356
8/4/2019,997.56,906.55,3.284
5/4/2019,989.26,904.69,3.257
4/4/2019,986.91,904.33,3.316
3/4/2019,984.46,901.5,3.345
2/4/2019,985.81,903.59,3.321
1/4/2019,988.53,905.87,3.26
29/3/2019,980.76,900.13,3.239
28/3/2019,982.98,901.65,3.275
27/3/2019,975.91,901.76,3.295
26/3/2019,969.79,894.58,3.346
25/3/2019,970.07,893.4,3.257
22/3/2019,988.71,912.27,3.134
21/3/2019,981.78,907.87,3.127
20/3/2019,1002.3,924.12,3.145
19/3/2019,1006.59,927.56,3.088
18/3/2019,1011.86,932.75,3.087
15/3/2019,1004.12,927.06,3.077
14/3/2019,1008.44,934.42,3.053
13/3/2019,1005.41,935.41,2.913
12/3/2019,1001.32,929.86,2.97
11/3/2019,984.6,916.24,2.983
8/3/2019,985.25,914.74,2.944
7/3/2019,994.03,922.29,2.935
6/3/2019,994.49,923.58,3.01
5/3/2019,992.45,923.66,3.01
4/3/2019,993.99,928.42,2.987
1/3/2019,979.63,915.32,2.963
28/2/2019,965.47,904.98,2.945
27/2/2019,990.27,930.54,2.925
26/2/2019,987.06,929.51,2.89
25/2/2019,994.43,939.47,3.088
22/2/2019,988.91,929.5,3.079
21/2/2019,987.57,926.09,3.08
20/2/2019,970.58,911.8,2.875
19/2/2019,964.35,907.82,2.797
18/2/2019,961.3,904.93,2.779
15/2/2019,950.89,897.74,2.718
14/2/2019,952.34,900.12,2.896
13/2/2019,945.25,897.42,2.984
12/2/2019,937.54,888.33,3.107
11/2/2019,926.1,878.67,3.218
1/2/2019,908.67,859.81,3.343
31/1/2019,910.65,866.06,3.333
30/1/2019,915.84,869.16,3.394
29/1/2019,915.93,872.03,3.404
28/1/2019,912.18,868.76,3.404
25/1/2019,908.88,867.7,3.354
24/1/2019,908.79,865.52,3.367
23/1/2019,908.18,861.73,3.367
22/1/2019,906.55,859.17,3.458
21/1/2019,911.05,864.1,3.458
18/1/2019,902.3,854.79,3.393
17/1/2019,901.89,853.34,3.467
16/1/2019,908.7,864.29,3.386
15/1/2019,909.68,865.1,3.492
14/1/2019,901.8,859.42,3.467
11/1/2019,902.71,860.3,3.427
10/1/2019,898.3,857.95,3.578
9/1/2019,896.99,855.51,3.619
8/1/2019,887.44,845.43,3.826
7/1/2019,889.64,851.41,3.864
4/1/2019,880.9,840.17,4.031
3/1/2019,878.22,838.79,4.056
2/1/2019,891.75,855.66,4.121
28/12/2018,892.54,854.99,4.081
27/12/2018,900.81,865.45,4.092
26/12/2018,891.75,861.02,4.091
25/12/2018,897.94,865.69,4.091
24/12/2018,908.56,873.64,3.949
21/12/2018,912.26,873.09,3.98
20/12/2018,918.24,877.03,4.11
19/12/2018,919.24,882.79,4.13
18/12/2018,927.25,890.68,4.148
17/12/2018,933.65,901.41,4.123
14/12/2018,952.04,918.79,4.123
13/12/2018,960.25,928.9,4.122
12/12/2018,961.28,927.7,4.122
11/12/2018,954.58,922.34,4.109
10/12/2018,955.89,922.82,4.109
7/12/2018,958.59,929.59,4.111
6/12/2018,954.82,922.86,4.111
5/12/2018,957.14,925.68,4.093
4/12/2018,958.84,927.46,4.146
3/12/2018,951.59,921.72,4.118
30/11/2018,926.54,894.79,4.16
29/11/2018,926.79,897.58,4.161
28/11/2018,930.2,901.4,4.24
27/11/2018,923.12,895.3,4.257
26/11/2018,921.03,895.05,4.204
23/11/2018,917.97,890.62,4.38
22/11/2018,924.42,898.9,4.339
21/11/2018,922.56,897.1,4.339
20/11/2018,919.02,893.09,4.303
19/11/2018,916.06,888.76,4.327
16/11/2018,898.19,869.24,4.339
15/11/2018,897.15,864.98,4.327
14/11/2018,900.93,871.55,4.42
13/11/2018,905.38,873.87,4.481
12/11/2018,918.12,888.2,4.396
9/11/2018,914.29,885.65,4.381
8/11/2018,926.28,900.4,4.363
7/11/2018,922.16,899.25,4.333
6/11/2018,922.05,899.61,4.269
5/11/2018,925.53,904.83,4.288
2/11/2018,924.86,903.43,4.328
1/11/2018,907.96,887.72,4.328
31/10/2018,914.76,901.57,4.362
30/10/2018,888.69,874.06,4.397
29/10/2018,888.82,874.43,4.368
26/10/2018,900.82,881.06,4.295
25/10/2018,910.17,888.86,4.296
24/10/2018,922.73,896.5,4.269
23/10/2018,939.68,908,4.193
22/10/2018,953.51,922.75,4.144
19/10/2018,958.36,931.69,4.135
18/10/2018,963.47,937.54,4.136
17/10/2018,971.6,945.91,4.164
16/10/2018,963.37,939.41,4.164
15/10/2018,951.64,928.55,4.147
12/10/2018,970.08,943.49,4.147
11/10/2018,945.89,920.02,4.169
10/10/2018,993.96,966.27,4.145
9/10/2018,996.19,967.37,4.099
8/10/2018,996.12,970.28,4.064
5/10/2018,1008.39,980.75,4.078
4/10/2018,1023.62,993.61,4.073
3/10/2018,1020.4,990.6,4.073
2/10/2018,1018.79,987.88,4.134
1/10/2018,1012.88,990.41,4.134
28/9/2018,1017.13,994.73,4.202
27/9/2018,1015.37,989.45,4.035
26/9/2018,1009.61,984.39,4.036
25/9/2018,1010.74,985.11,4.098
24/9/2018,1011.29,985.59,4.038
21/9/2018,1002.97,974.43,4.123
20/9/2018,1004.74,971.18,4.089
19/9/2018,995.54,962.7,4.082
18/9/2018,993.49,959.75,4.082
17/9/2018,987.61,953.79,3.972
14/9/2018,991.34,960.33,3.902
13/9/2018,987.95,957.17,4.106
12/9/2018,987.01,958.67,4.14
11/9/2018,985.06,958.91,4.282
10/9/2018,970.34,943.31,4.407
7/9/2018,968.9,945.59,4.407
6/9/2018,958.19,932.12,4.379
5/9/2018,968.44,941,4.291
4/9/2018,975.94,951.14,4.282
31/8/2018,989.54,969.23,4.228
30/8/2018,998.07,975.43,4.163
29/8/2018,988.17,964.99,4.24
28/8/2018,995.19,971.01,4.23
27/8/2018,991.92,966.55,4.219
24/8/2018,987.05,960.42,4.168
23/8/2018,987.36,960.94,4.1
22/8/2018,982.15,959.63,4.093
21/8/2018,979.21,955.27,4.093
20/8/2018,969.62,945.65,4.207
17/8/2018,968.88,949.23,4.251
16/8/2018,964.28,950.18,4.223
15/8/2018,961.37,947.82,4.117
14/8/2018,978.27,965.6,4.078
13/8/2018,978.04,960.02,4.043
10/8/2018,968.47,948.32,4.067
9/8/2018,963.5,943.91,4.067
8/8/2018,966.27,945.89,4.003
7/8/2018,956.79,936.92,4.042
6/8/2018,960.23,939.84,4
3/8/2018,959.6,941.12,4.328
2/8/2018,953.55,937.86,3.744
1/8/2018,952.77,939.31,3.789
31/7/2018,956.39,944.38,3.421
30/7/2018,949.73,939.6,3.543
27/7/2018,935.52,927.19,2.932
26/7/2018,930.16,921.33,2.95
25/7/2018,927.58,915.68,3.124
24/7/2018,934.08,923.53,3.154
23/7/2018,936.74,931.31,3.031
20/7/2018,933.39,926.5,2.77
19/7/2018,943.97,941.09,2.449
18/7/2018,942.39,935.42,2.451
17/7/2018,921.27,915.53,2.373
16/7/2018,911.11,904.18,2.336
13/7/2018,909.72,899.45,2.336
12/7/2018,898.51,883.87,2.36
11/7/2018,893.16,881.14,2.348
10/7/2018,911.12,897.96,2.32
9/7/2018,915.12,898.73,2.321
6/7/2018,917.51,905.62,2.338
5/7/2018,899.4,883.77,2.326
4/7/2018,914.99,900.89,2.298
3/7/2018,906.01,891.97,2.276
2/7/2018,947.15,930.12,2.276
29/6/2018,960.78,947.55,2.222
28/6/2018,957.35,947.03,2.23
27/6/2018,968.91,961.29,2.217
26/6/2018,983.02,973.9,2.209
25/6/2018,990.52,982.09,2.208
22/6/2018,983.17,973.05,2.19
21/6/2018,969.4,955.75,2.199
20/6/2018,980.95,966.86,2.227
19/6/2018,962.16,945.11,2.247
18/6/2018,987.34,970.35,2.302
15/6/2018,1016.51,1005.04,2.292
14/6/2018,1015.72,1004.31,2.288
13/6/2018,1030.53,1018.59,2.313
12/6/2018,1020.76,1008.76,2.319
11/6/2018,1039.02,1024.85,2.301
8/6/2018,1039.01,1025.87,2.319
7/6/2018,1036.69,1026.75,2.302
6/6/2018,1034.5,1022.72,2.316
5/6/2018,1022.74,1007.32,2.315
4/6/2018,1013.78,996.67,2.414
1/6/2018,992.87,969.15,2.431
31/5/2018,971.25,947.31,2.432
30/5/2018,948.5,918.64,2.335
29/5/2018,952.18,924.9,2.277
28/5/2018,931.75,898,2.281
25/5/2018,963.9,936.32,2.301
24/5/2018,985.92,960.55,2.326
23/5/2018,988.94,968.54,2.254
22/5/2018,985.91,958.95,2.256
21/5/2018,1014.98,997.21,2.255
18/5/2018,1040.54,1022.21,2.27
17/5/2018,1030.64,1007.09,2.256
16/5/2018,1054.62,1034.3,2.29
15/5/2018,1073.5,1055.49,2.229
14/5/2018,1066.98,1051.45,2.238
11/5/2018,1044.85,1030.79,2.233
10/5/2018,1028.87,1019.69,2.23
9/5/2018,1056.97,1046.39,2.256
8/5/2018,1060.45,1047.83,2.32
7/5/2018,1062.26,1048.03,2.328
4/5/2018,1026.8,1010.89,2.352
3/5/2018,1026.46,1010.35,2.483
2/5/2018,1029.08,1012.84,2.605
27/4/2018,1050.26,1027.97,2.554
26/4/2018,1044.86,1018.97,2.403
24/4/2018,1080.74,1053.99,2.401
23/4/2018,1076.78,1055.37,2.29
20/4/2018,1119.86,1089.45,2.272
19/4/2018,1094.63,1066.09,2.245
18/4/2018,1138.53,1115.7,2.216
17/4/2018,1153.28,1130.32,2.225
16/4/2018,1148.49,1128.03,2.138
13/4/2018,1157.14,1134.21,2.115
12/4/2018,1173.02,1143.5,2.143
11/4/2018,1167.11,1137.2,2.182
10/4/2018,1198.12,1168.06,2.267
9/4/2018,1204.33,1177.68,2.313
6/4/2018,1199.96,1174.37,2.314
5/4/2018,1193.17,1169.12,2.348
4/4/2018,1191.54,1165.75,2.317
3/4/2018,1188.29,1160.97,2.341
2/4/2018,1196.61,1171.21,2.359
30/3/2018,1174.46,1153.08,2.34
29/3/2018,1167.03,1144.74,2.48
28/3/2018,1172.24,1151.09,2.281
27/3/2018,1171.73,1150.3,2.282
26/3/2018,1171.22,1146.73,2.275
23/3/2018,1153.59,1128.93,2.279
22/3/2018,1172.36,1144.58,2.313
21/3/2018,1169.36,1147.26,2.326
20/3/2018,1159.39,1134.19,2.327
19/3/2018,1159.22,1130.26,2.315
16/3/2018,1150.19,1112.93,2.363
15/3/2018,1138.76,1110.26,2.401
14/3/2018,1138.09,1115,2.415
13/3/2018,1133.31,1111.38,2.466
12/3/2018,1126.29,1106.97,2.472
9/3/2018,1123.41,1106.54,2.469
8/3/2018,1124.15,1105.03,2.403
7/3/2018,1112.26,1092.17,2.35
6/3/2018,1120.29,1103.31,2.343
5/3/2018,1093.48,1080.83,2.367
2/3/2018,1121.21,1106.92,2.353
1/3/2018,1115.79,1105.84,2.493
28/2/2018,1121.54,1108.23,2.538
27/2/2018,1119.61,1106.09,2.54
26/2/2018,1114.53,1099.71,2.587
23/2/2018,1102.85,1089.96,2.503
22/2/2018,1076.03,1064.28,2.762
21/2/2018,1087.15,1075.47,2.856
13/2/2018,1059.73,1054.09,2.854
12/2/2018,1041.79,1034.76,2.836
9/2/2018,1003.94,996.77,2.918
8/2/2018,1023.25,1013.56,3.035
7/2/2018,1040.55,1030.91,2.95
6/2/2018,1011.6,1007.72,2.962
5/2/2018,1048.71,1035.02,2.848
2/2/2018,1105.04,1090.4,2.723
1/2/2018,1099.67,1086.9,2.986
31/1/2018,1110.36,1095.9,2.897
30/1/2018,1110.56,1099.16,2.979
29/1/2018,1109.8,1096.78,2.917
26/1/2018,1115.64,1104.42,2.894
25/1/2018,1104.57,1095.52,3.05
22/1/2018,1087.42,1082.71,3.279
19/1/2018,1062.07,1053.47,3.315
18/1/2018,1050.25,1048.56,3.188
17/1/2018,1034.69,1030,3.403
16/1/2018,1062.96,1061.78,3.419
15/1/2018,1063.47,1063.11,3.493
12/1/2018,1050.11,1049.86,3.42
11/1/2018,1048.17,1047.2,3.361
10/1/2018,1038.11,1039.7,3.453
9/1/2018,1033.56,1039.64,3.512
8/1/2018,1022.9,1023.5,3.595
5/1/2018,1012.65,1007.73,3.596
4/1/2018,1019.75,1014.15,3.6
3/1/2018,1005.67,1004.66,3.627
2/1/2018,995.77,992.72,3.645
29/12/2017,984.24,975.52,3.665
28/12/2017,976.72,966.91,3.686
27/12/2017,968.46,958.02,3.524
26/12/2017,965.93,955.73,3.548
25/12/2017,958.31,949.28,3.183
22/12/2017,952.32,945.88,3.227
21/12/2017,946.06,936.53,3.275
20/12/2017,953.51,948.78,3.4
19/12/2017,951.42,947.62,3.551
18/12/2017,958.06,950.81,3.561
15/12/2017,935.16,926.7,3.654
14/12/2017,935.85,928.21,3.693
13/12/2017,924.4,913.33,3.774
12/12/2017,927.25,914.82,3.883
11/12/2017,917.45,908.29,3.924
8/12/2017,940.16,930.25,3.942
7/12/2017,938.65,928.74,3.951
6/12/2017,947.64,939.06,3.999
5/12/2017,953.3,944.07,3.992
4/12/2017,970.02,966.44,3.988
1/12/2017,960.33,952.46,3.962
30/11/2017,949.93,943.05,3.955
29/11/2017,952.14,946.55,3.974
28/11/2017,941.21,935.74,4.001
27/11/2017,938.61,930.9,4.001
24/11/2017,935.57,926.21,4.05
23/11/2017,933.7,922.92,4.065
22/11/2017,932.66,922.18,4.065
21/11/2017,918.3,910.54,4.065
20/11/2017,903.55,899.31,4.023
17/11/2017,890.69,887.41,4.023
16/11/2017,892.8,890.01,4.023
15/11/2017,882.59,877.58,4.005
14/11/2017,880.9,871.08,3.971
13/11/2017,879.34,868.11,3.971
10/11/2017,868.21,858.55,3.869
9/11/2017,860.4,853.05,3.869
8/11/2017,859.7,853.57,3.796
7/11/2017,850.33,846.03,3.796
6/11/2017,849.09,844.73,3.765
3/11/2017,843.73,840.04,3.765
2/11/2017,833.09,827.66,3.815
1/11/2017,842.71,835.38,3.792
31/10/2017,837.28,831.62,3.784
30/10/2017,845.2,837.52,3.784
27/10/2017,840.37,834.91,3.768
26/10/2017,830.11,822.53,3.768
25/10/2017,830.69,821.45,3.768
24/10/2017,825.24,815.24,3.768
23/10/2017,820.04,809.36,3.733
20/10/2017,826.84,813.99,3.733
19/10/2017,828.93,817.39,3.728
18/10/2017,827.72,816.84,3.724
17/10/2017,828.29,818.48,3.665
16/10/2017,819.43,811.85,3.665
13/10/2017,820.95,815.47,3.661
12/10/2017,815.87,809.6,3.661
11/10/2017,813.95,806.83,3.647
10/10/2017,810.65,805.3,3.653
9/10/2017,808.96,801.49,3.81
6/10/2017,807.8,800.42,3.856
5/10/2017,805.23,797.42,3.871
4/10/2017,805.66,795.76,3.871
3/10/2017,798,787.02,3.894
2/10/2017,802.23,790.7,3.942
29/9/2017,804.42,792.72,3.946
28/9/2017,804.82,790.75,3.951
27/9/2017,803.77,788.31,3.952
26/9/2017,805.35,791.05,3.952
25/9/2017,805.58,789.89,3.952
22/9/2017,807.13,789.7,3.952
21/9/2017,803.93,786.41,3.958
20/9/2017,805.86,790.48,3.956
19/9/2017,805.93,792.68,3.975
18/9/2017,807.87,793.7,3.949
15/9/2017,805.82,789.49,3.957
14/9/2017,806.32,789.41,3.938
13/9/2017,802.78,786.43,3.938
12/9/2017,799.94,782.54,3.938
11/9/2017,797.47,779.58,3.99
8/9/2017,801.2,784.74,3.978
7/9/2017,796.72,779.2,3.945
6/9/2017,793.55,776.97,3.921
5/9/2017,792.31,777.02,4.024
1/9/2017,788.73,774.06,4.043
31/8/2017,782.76,770.08,3.96
30/8/2017,778.65,764.57,3.955
29/8/2017,774.03,754.59,3.955
28/8/2017,777.26,758.02,4.064
25/8/2017,771.63,751.14,3.908
24/8/2017,769.77,747.72,3.839
23/8/2017,765.98,743.1,3.745
22/8/2017,761.26,738.2,3.667
21/8/2017,768.79,743.66,3.639
18/8/2017,768.97,744.3,3.328
17/8/2017,767.59,743.2,3.259
16/8/2017,773.57,749.37,3.192
15/8/2017,771.06,746.07,3.204
14/8/2017,776.17,751.39,3.214
11/8/2017,772.08,744.99,3.173
10/8/2017,773.43,743.42,3.172
9/8/2017,773.66,741.36,3.175
8/8/2017,791.57,758.42,3.147
7/8/2017,792.98,763.08,3.137
4/8/2017,788.68,761.44,3.1
3/8/2017,788.49,757.88,3.1
2/8/2017,786.23,756.04,3.1
1/8/2017,786.81,758.36,3.1
31/7/2017,783.55,756.24,3.128
28/7/2017,777.09,749.86,3.119
27/7/2017,771.5,743.7,3.127
26/7/2017,773.88,745.79,3.123
25/7/2017,767.27,737.93,3.134
24/7/2017,759.74,729.54,3.134
21/7/2017,761.86,728.47,3.132
20/7/2017,768.41,736.64,3.132
19/7/2017,771.3,737.77,3.112
18/7/2017,767.49,741.32,3.117
17/7/2017,768.91,745.59,3.208
14/7/2017,777.6,759.97,3.392
13/7/2017,778.3,761.36,3.359
12/7/2017,774.17,757.57,3.353
11/7/2017,769.36,752.75,3.402
10/7/2017,766.56,750.79,3.464
7/7/2017,775.73,761.61,3.544
6/7/2017,782.65,770.58,3.556
5/7/2017,778.32,765.87,3.565
4/7/2017,775.54,763.92,3.565
3/7/2017,778.88,765.8,3.565
30/6/2017,776.47,765.41,3.577
29/6/2017,771.75,761.21,3.573
28/6/2017,769.04,757.1,3.548
27/6/2017,767.51,755.07,3.548
26/6/2017,772.52,760.8,3.548
23/6/2017,769.01,758.24,3.509
22/6/2017,766.3,757.94,3.503
21/6/2017,767.41,759.84,3.503
20/6/2017,767.99,759.67,3.507
19/6/2017,766.83,757.5,3.518
16/6/2017,761.24,750.07,3.509
15/6/2017,760.57,746.59,3.521
14/6/2017,760.77,745.53,3.531
13/6/2017,756.89,741.39,3.541
12/6/2017,751.09,736.86,3.554
9/6/2017,749.72,740.2,3.565
8/6/2017,750.13,737.52,3.618
7/6/2017,753.46,737.18,3.62
6/6/2017,751.31,732.69,3.664
5/6/2017,743.49,721.74,3.675
2/6/2017,738.81,718.33,3.74
1/6/2017,741.8,719.76,3.726
31/5/2017,737.82,713.43,3.522
30/5/2017,738.21,711.48,3.331
29/5/2017,746.25,722.26,3.226
26/5/2017,743.41,718.87,3.418
25/5/2017,741.91,716.4,3.467
24/5/2017,742.74,718.28,3.7
23/5/2017,740.93,708.62,3.882
22/5/2017,744.1,710.86,3.897
19/5/2017,733.82,702.03,3.949
18/5/2017,726.99,695.3,3.885
17/5/2017,727.2,696.37,3.971
16/5/2017,725.03,692.91,4.023
15/5/2017,725.35,695.22,4.039
12/5/2017,725.37,690.84,4.084
11/5/2017,724.99,691.02,4.083
10/5/2017,724.31,690.53,4.095
9/5/2017,722.11,688.08,4.094
8/5/2017,718.86,681.11,4.11
5/5/2017,720,684.17,4.11
4/5/2017,722.02,686.29,4.11
3/5/2017,719.54,684.99,4.105
28/4/2017,717.73,680.49,4.101
27/4/2017,716.53,681.36,4.101
26/4/2017,710.04,673.53,4.036
25/4/2017,707.58,668.58,4.01
24/4/2017,709.39,667.08,3.933
21/4/2017,712.41,672.6,3.933
20/4/2017,712.66,674.3,3.918
19/4/2017,716.77,679.69,3.877
18/4/2017,714.93,675.71,3.899
17/4/2017,710.83,669.31,3.873
14/4/2017,718.45,678.45,3.89
13/4/2017,724.35,687.72,3.898
12/4/2017,725.58,692.4,3.877
11/4/2017,731.33,697.93,3.943
10/4/2017,729.87,696.72,3.932
7/4/2017,727.95,697.62,3.954
5/4/2017,723.22,691.07,3.955
4/4/2017,724.14,699.07,4.058
3/4/2017,722.38,696.73,4.059
31/3/2017,722.31,693.22,4.017
30/3/2017,723.86,692.5,4.094
29/3/2017,720.47,689.91,4.094
28/3/2017,719.26,688.31,4.094
27/3/2017,723.52,693.49,4.094
24/3/2017,722.14,691.76,4.094
23/3/2017,719.56,689.32,4.026
22/3/2017,712.94,677.96,4.008
21/3/2017,716.18,679.69,4.008
20/3/2017,715.07,676.02,4.004
17/3/2017,710.54,668.35,3.925
16/3/2017,714.92,668.07,3.936
15/3/2017,713.14,663.57,4.039
14/3/2017,714.71,665.46,4.013
13/3/2017,710.17,662.67,3.962
10/3/2017,712.21,663.49,3.937
9/3/2017,715.8,664.3,3.935
8/3/2017,716.6,662.48,3.886
7/3/2017,716.54,659.9,3.886
6/3/2017,716.29,658.61,3.886
3/3/2017,712.62,656.77,3.884
2/3/2017,707.51,653.76,3.884
1/3/2017,709.52,655.99,3.891
28/2/2017,710.79,657.95,3.859
27/2/2017,717.44,666.22,3.833
24/2/2017,714.47,661.81,3.83
23/2/2017,716.87,667.42,3.847
22/2/2017,717.24,668.61,3.888
21/2/2017,716.55,671.52,3.958
20/2/2017,710.59,667.56,3.976
17/2/2017,707.83,668.1,3.962
16/2/2017,709.35,667.72,3.778
15/2/2017,711.57,669.08,3.695
14/2/2017,706.26,663.43,3.594
13/2/2017,705.9,662.68,3.565
10/2/2017,703.78,658.78,3.675
9/2/2017,700.65,658.83,3.681
8/2/2017,702.04,657.97,3.83
7/2/2017,701.91,656.48,3.83
6/2/2017,700.04,654.03,4.028
3/2/2017,700.35,651.18,4.125
2/2/2017,703.18,652.98,4.153
25/1/2017,697.28,644.79,4.026
24/1/2017,691.36,639.32,4.022
23/1/2017,687.15,635.42,4.159
20/1/2017,686.26,634.28,4.159
19/1/2017,682.31,631,4.159
18/1/2017,683.28,633.1,4.167
17/1/2017,684.71,637.54,4.157
16/1/2017,677.94,632.7,4.148
13/1/2017,685.06,640.07,4.123
12/1/2017,686.96,642.25,4.132
11/1/2017,687.16,643.39,4.173
10/1/2017,681.07,639.36,4.216
9/1/2017,682.57,638.4,4.234
6/1/2017,679.8,636.34,4.234
5/1/2017,675.81,634.83,4.277
4/1/2017,674.7,632.7,4.312
3/1/2017,672.01,633.89,4.351
30/12/2016,664.87,628.21,4.106
29/12/2016,664.72,626.95,4.264
28/12/2016,663.5,624.83,4.275
27/12/2016,663.86,623.46,4.438
26/12/2016,662.45,621.73,4.342
23/12/2016,664.37,620.75,4.596
22/12/2016,664.15,618.35,4.59
21/12/2016,666.94,618.43,4.611
20/12/2016,662.66,616.74,4.607
19/12/2016,674.33,623.85,4.597
16/12/2016,675.16,621.04,4.559
15/12/2016,665.92,613.25,4.48
14/12/2016,665.14,615.26,4.241
13/12/2016,654.66,606.71,4.192
12/12/2016,659.7,612.83,4.097
9/12/2016,663.07,619.64,4.002
8/12/2016,658.89,619.45,3.975
7/12/2016,653.53,615,3.975
6/12/2016,651.49,616.26,3.941
5/12/2016,660.21,625.32,3.932
2/12/2016,665.14,629.64,3.94
1/12/2016,666.54,631.55,3.934
30/11/2016,665.07,631.89,3.934
29/11/2016,658.26,625.78,3.952
28/11/2016,665.29,630.62,3.91
25/11/2016,675.87,643.38,3.91
24/11/2016,678.18,647.47,3.91
23/11/2016,683.16,647.59,3.841
22/11/2016,681.91,643.76,3.849
21/11/2016,674.29,638.87,4.119
18/11/2016,673.25,634.35,4.119
17/11/2016,674.57,636.02,4.063
16/11/2016,674.6,638.72,3.987
15/11/2016,674.26,637.51,3.755
14/11/2016,673.05,634.13,3.839
11/11/2016,679.2,642,3.797
10/11/2016,678.17,641.9,3.763
9/11/2016,670.26,635.42,3.763
8/11/2016,676.46,642.01,3.716
7/11/2016,674.14,639.91,3.554
4/11/2016,666.73,632.54,3.554
3/11/2016,667.63,632.81,3.548
2/11/2016,671.4,636.54,3.489
1/11/2016,676.6,643.05,3.489
31/10/2016,675.8,644.22,3.318
28/10/2016,682.25,649.27,3.36
27/10/2016,676.9,644.18,3.36
26/10/2016,673.61,641.81,3.353
25/10/2016,676.18,644.91,3.335
24/10/2016,678.02,648.29,3.301
21/10/2016,684.83,655.17,3.306
20/10/2016,686.39,657.15,3.376
19/10/2016,688.89,659.39,3.394
18/10/2016,682.02,653.32,3.405
17/10/2016,680.95,650.46,3.393
14/10/2016,687,657.59,3.37
13/10/2016,685.23,658.29,3.334
12/10/2016,682.45,653.25,3.295
11/10/2016,682.36,654.88,3.315
10/10/2016,674.19,647.25,3.317
7/10/2016,683.95,657.54,3.32
6/10/2016,687.32,663.12,3.304
5/10/2016,687.04,663.95,3.319
4/10/2016,684.2,661.89,3.283
3/10/2016,683.05,662.42,3.312
30/9/2016,685.73,668.44,3.27
29/9/2016,688.55,670.3,3.271
28/9/2016,686.72,669.17,3.316
27/9/2016,684.89,671.21,3.365
26/9/2016,677.04,666.1,3.465
23/9/2016,674.09,664.31,3.577
22/9/2016,671.38,662.31,3.639
21/9/2016,668.48,657.44,3.643
20/9/2016,663.37,653.66,3.686
19/9/2016,657.89,648.83,3.688
16/9/2016,651.31,639.37,3.723
15/9/2016,656.18,645.02,3.744
14/9/2016,656.64,646.93,3.744
13/9/2016,659.72,651.8,3.773
12/9/2016,659.76,651.63,3.795
9/9/2016,666.88,658.66,3.802
8/9/2016,666.07,659.25,3.815
7/9/2016,661.28,654.79,3.855
6/9/2016,663.9,656.02,3.868
5/9/2016,664.55,655.08,3.922
1/9/2016,669.19,659.09,3.932
31/8/2016,674.63,665.25,3.806
30/8/2016,672.67,661.2,3.808
29/8/2016,669.44,656.23,3.815
26/8/2016,667.75,656.71,3.778
25/8/2016,658.5,649.06,3.781
24/8/2016,660.77,650.95,3.819
23/8/2016,659.16,650.92,3.881
22/8/2016,657.68,647.46,4.057
19/8/2016,662.28,654.42,4.057
18/8/2016,660.65,652.87,4.082
17/8/2016,660.51,650.82,4.105
16/8/2016,658.11,646.44,4.136
15/8/2016,659.47,645.66,4.163
12/8/2016,655.71,641.11,4.197
11/8/2016,660.24,645.1,4.225
10/8/2016,648.33,632.86,4.225
9/8/2016,637.34,621.43,4.228
8/8/2016,629.46,614.65,4.229
5/8/2016,627.39,615.06,4.232
4/8/2016,631.94,617.41,4.234
3/8/2016,631.61,619.8,4.24
2/8/2016,636.05,623.16,4.24
1/8/2016,648.38,635.41,4.231
29/7/2016,652.23,639.17,4.193
28/7/2016,657.14,644.33,4.186
27/7/2016,656.11,639.63,4.199
26/7/2016,648.59,634.68,4.194
25/7/2016,649.3,633.21,4.196
22/7/2016,649.87,634.34,4.211
21/7/2016,659.57,643.16,4.216
20/7/2016,660.26,645.15,4.217
19/7/2016,667.76,654.17,4.227
15/7/2016,664.56,653.63,4.227
14/7/2016,666.69,651.14,4.227
13/7/2016,675.12,656.89,4.253
12/7/2016,658.9,641.58,4.254
11/7/2016,652.26,636.02,4.284
8/7/2016,658.68,643.56,4.295
7/7/2016,661.12,644.52,4.282
6/7/2016,649.46,636.18,4.221
5/7/2016,650.88,636.27,4.221
4/7/2016,647.96,633.57,4.222
1/7/2016,640.3,626.34,4.229
30/6/2016,632.26,621.79,4.266
29/6/2016,630.12,621.39,4.281
28/6/2016,622.2,614.31,4.28
27/6/2016,621.27,614.42,4.281
24/6/2016,620.77,612.69,4.244
23/6/2016,632.27,626.5,4.218
22/6/2016,626.41,624.18,4.212
21/6/2016,628,626.97,4.21
20/6/2016,626.46,624.19,4.219
17/6/2016,619.25,615.75,4.253
16/6/2016,625.11,622.54,4.261
15/6/2016,627.02,624.19,4.246
14/6/2016,625.43,625.36,4.255
13/6/2016,623.58,621.75,4.249
10/6/2016,629.84,629.27,4.274
9/6/2016,631.26,630.66,4.297
8/6/2016,627.87,630.09,4.327
7/6/2016,624.65,624.01,4.44
6/6/2016,620.05,618.88,4.44
3/6/2016,621.88,621.05,4.432
2/6/2016,623.37,621.18,4.315
1/6/2016,619.86,619.38,4.306
31/5/2016,618.44,617.52,4.317
30/5/2016,614.5,616.73,4.359
27/5/2016,608.11,611,4.373
26/5/2016,604.34,607.16,4.377
25/5/2016,611.89,612.74,4.386
24/5/2016,611.62,614.62,4.369
23/5/2016,611.03,614.45,4.369
20/5/2016,614.81,616.4,4.348
19/5/2016,619.2,621.13,4.541
18/5/2016,622.45,623.92,4.643
17/5/2016,624.75,622.93,4.683
16/5/2016,615.78,615.17,4.732
13/5/2016,610.82,609.97,4.79
12/5/2016,612.12,612.04,4.865
11/5/2016,614.06,611.96,4.868
10/5/2016,605.05,604.56,4.875
9/5/2016,603.85,604.24,4.875
6/5/2016,606.52,607.55,4.875
5/5/2016,601.51,604.69,4.874
4/5/2016,599.07,602.57,4.876
29/4/2016,598.37,601.25,4.86
28/4/2016,591.67,595.63,4.866
27/4/2016,593.96,597.43,4.87
26/4/2016,598.48,601.27,4.877
25/4/2016,591.58,594.16,4.877
22/4/2016,592.48,595.38,4.873
21/4/2016,575.73,582.76,4.856
20/4/2016,568.03,575.35,4.854
19/4/2016,568.28,575.06,4.854
15/4/2016,579.86,584.47,4.858
14/4/2016,579.49,586.21,4.876
13/4/2016,578.02,584.63,4.886
12/4/2016,579.84,587.47,4.886
11/4/2016,579.27,586.78,4.887
8/4/2016,572.34,578.97,4.877
7/4/2016,571.6,579.28,4.869
6/4/2016,567.79,576.4,4.859
5/4/2016,560.32,570.43,4.855
4/4/2016,555.82,565.71,4.855
1/4/2016,558.43,568.27,4.848
31/3/2016,561.22,571.69,4.81
30/3/2016,569.91,577.11,4.822
29/3/2016,568.28,575.16,4.822
28/3/2016,575.72,582.37,4.816
25/3/2016,572.08,578.24,4.815
24/3/2016,570.66,577.31,4.808
23/3/2016,574.71,580.6,4.811
22/3/2016,570.91,577.97,4.797
21/3/2016,572.27,579.95,4.829
18/3/2016,575.82,581.95,4.835
17/3/2016,579.26,586.47,4.835
16/3/2016,577.07,583.79,4.871
15/3/2016,574.04,583.02,4.871
14/3/2016,577.98,587.09,4.91
11/3/2016,577.26,583.89,4.909
10/3/2016,575.91,583.77,4.909
9/3/2016,571.71,581.25,4.898
8/3/2016,574.71,582.54,4.917
7/3/2016,576.2,582.6,4.911
4/3/2016,573.65,580.94,4.846
3/3/2016,570.39,579.11,4.846
2/3/2016,570.18,579.17,4.846
1/3/2016,561.56,572.99,4.835
29/2/2016,559.37,570.66,4.812
26/2/2016,566.11,577.71,4.808
25/2/2016,562.82,573.02,4.803
24/2/2016,568.04,578.87,4.811
23/2/2016,561.28,573.78,4.811
22/2/2016,560.71,574.37,4.825
19/2/2016,554.03,567.51,4.847
18/2/2016,552.49,566.85,4.936
17/2/2016,547.05,561.1,5.006
16/2/2016,548.05,562.32,5.116
15/2/2016,543.79,559.19,5.116
5/2/2016,544.75,563.97,5.125
4/2/2016,542.15,561.22,5.135
3/2/2016,539.07,556.53,5.078
2/2/2016,536.45,555.09,5.078
1/2/2016,540.56,557.98,5.073
29/1/2016,545.25,561.61,4.965
28/1/2016,539.47,556.86,4.963
27/1/2016,542.69,558.98,4.966
26/1/2016,537.73,554.52,4.963
25/1/2016,542.35,562.19,4.952
22/1/2016,522.24,539.37,4.968
21/1/2016,521.88,538.53,4.976
20/1/2016,529.44,544.24,4.976
19/1/2016,535.77,550.29,4.976
18/1/2016,526.37,541.18,4.973
15/1/2016,543.04,555.76,4.978
14/1/2016,553.03,569.17,4.98
13/1/2016,560.37,578.63,4.983
12/1/2016,564.26,582.39,4.991
11/1/2016,557.87,573.72,4.975
8/1/2016,560.05,575.96,4.972
7/1/2016,565.36,582.3,4.96
6/1/2016,574.57,589.97,4.952
5/1/2016,569.94,583.62,4.947
4/1/2016,574.41,589.91,4.914
31/12/2015,579.03,595.57,4.88
30/12/2015,579.45,594.8,4.88
29/12/2015,576.29,589.43,4.873
28/12/2015,569.9,583.16,4.875
25/12/2015,567.67,579.32,4.878
24/12/2015,566.17,576.71,4.888
23/12/2015,564.27,575.46,4.883
22/12/2015,566.35,576.8,4.845
21/12/2015,566.9,577.73,4.851
18/12/2015,568.18,578.85,4.853
17/12/2015,577.11,586.47,4.854
16/12/2015,572.55,583.97,4.868
15/12/2015,568,582.28,4.869
14/12/2015,562.22,579.42,4.89
11/12/2015,563.43,578.01,4.868
10/12/2015,561.04,572.5,4.881
9/12/2015,565.2,574.54,4.887
8/12/2015,574.15,584.85,4.882
7/12/2015,563.62,575.34,4.865
4/12/2015,571.62,582.96,4.842
3/12/2015,574.38,585.23,4.842
2/12/2015,574.42,583.94,4.843
1/12/2015,570.41,579.06,4.826
30/11/2015,573.2,581.94,4.826
27/11/2015,582.86,590.59,4.814
26/11/2015,590.4,598.04,4.815
25/11/2015,595.7,602.67,4.812
24/11/2015,593.83,600.21,4.8
23/11/2015,599.99,606.93,4.809
20/11/2015,604.46,611.16,4.811
19/11/2015,601.9,609.05,4.834
18/11/2015,603.34,612.25,4.836
17/11/2015,605.05,614.39,4.837
16/11/2015,609.21,619.14,4.828
13/11/2015,611.27,622.34,4.828
12/11/2015,605.58,614.39,4.846
11/11/2015,603.53,612.71,4.873
10/11/2015,605.27,614.56,4.865
9/11/2015,610.66,619.44,4.843
6/11/2015,612.36,622.67,4.814
5/11/2015,615.18,625.71,4.863
4/11/2015,610.6,621.35,4.91
3/11/2015,611.71,623.85,4.916
2/11/2015,602.76,613.19,4.928
30/10/2015,607.37,619.21,4.931
29/10/2015,605.2,618.01,4.954
28/10/2015,596.24,609.68,4.986
27/10/2015,598.44,611.57,5.007
26/10/2015,598.61,612.21,5.009
23/10/2015,601.74,616.07,5.005
22/10/2015,595.08,609.78,4.989
21/10/2015,590.24,604.34,4.992
20/10/2015,590.45,605.56,4.992
19/10/2015,594.61,611.37,5.013
16/10/2015,593.02,609.73,5.017
15/10/2015,592.4,607.95,4.97
14/10/2015,589.98,607.57,4.887
13/10/2015,590.84,607.03,4.887
12/10/2015,592.1,609.55,4.874
9/10/2015,588.02,605.6,4.878
8/10/2015,586.78,604.91,4.873
7/10/2015,579.57,598.42,4.889
6/10/2015,581.29,599.92,4.939
5/10/2015,570,588.73,5.04
2/10/2015,562.31,580.74,5.048
1/10/2015,563.54,582.33,5.049
30/9/2015,562.64,580.32,5.047
29/9/2015,561.19,578.98,5.061
28/9/2015,564.88,582.42,5.067
25/9/2015,570.38,588.11,5.067
24/9/2015,570.25,589.42,5.07
23/9/2015,572.72,591.23,5.07
22/9/2015,573.2,592.78,5.07
21/9/2015,572.12,590.46,5.07
18/9/2015,566.25,582.73,5.073
17/9/2015,562.48,576.68,5.076
16/9/2015,564.13,576.78,5.076
15/9/2015,563.27,571.53,5.075
14/9/2015,562.17,576,5.069
11/9/2015,566.74,583.27,5.063
10/9/2015,572.07,588.54,5.112
9/9/2015,572.34,587.69,5.112
8/9/2015,566.72,583.35,5.134
7/9/2015,554.93,574.09,5.143
4/9/2015,556.81,578.78,5.157
3/9/2015,554.3,575.58,5.155
1/9/2015,562.31,583.61,5.151
31/8/2015,564.75,586.23,5.048
28/8/2015,570.87,597.81,5.034
27/8/2015,555.81,581.51,5.073
26/8/2015,545.89,574.88,5.136
25/8/2015,529.98,561,5.114
24/8/2015,526.93,558.92,5.107
21/8/2015,556.3,587.83,5.087
20/8/2015,566.69,598.22,5.091
19/8/2015,577.82,608.91,5.085
18/8/2015,580.22,611.8,5.05
17/8/2015,573.15,607.44,5.052
14/8/2015,589.03,618.94,5.028
13/8/2015,594.26,622.83,4.993
12/8/2015,604.24,632.9,4.994
11/8/2015,613.05,643.42,4.908
10/8/2015,614.53,649.99,4.906
7/8/2015,603.76,638.4,4.909
6/8/2015,601.04,633.53,4.915
5/8/2015,607.08,639.33,4.908
4/8/2015,600.76,631.27,4.928
3/8/2015,609.47,636.92,4.981
31/7/2015,621.06,647.36,4.879
30/7/2015,626.57,651.7,4.879
29/7/2015,624.7,651.21,4.85
28/7/2015,631.47,659.6,4.839
27/7/2015,635.46,665.66,4.778
24/7/2015,631.26,657.97,4.778
23/7/2015,632.01,655.74,4.764
22/7/2015,629.85,655.06,4.841
21/7/2015,616.61,641.45,4.841
20/7/2015,620.54,644.19,4.849
17/7/2015,628.63,651.03,4.874
16/7/2015,626.9,649.06,4.874
15/7/2015,630.89,651.45,4.885
14/7/2015,638.69,658.28,4.896
13/7/2015,634.06,652.28,4.897
10/7/2015,627.28,648.73,4.885
9/7/2015,622.1,646.58,4.871
8/7/2015,623.17,645.67,4.867
7/7/2015,630.27,653.27,4.884
6/7/2015,625.22,649.54,4.901
3/7/2015,616.43,639.87,4.947
2/7/2015,605.7,633.28,4.963
1/7/2015,591.5,622.91,4.956
30/6/2015,593.05,622.43,4.956
29/6/2015,591.75,620.22,4.956
26/6/2015,581.75,608.92,4.965
25/6/2015,587.99,609.49,4.971
24/6/2015,590.02,610.73,4.983
23/6/2015,593.07,614.42,5.009
22/6/2015,594.08,615.1,5.034
19/6/2015,584.7,603.26,5.052
18/6/2015,580.35,600.45,5.052
17/6/2015,578.87,598.25,5.095
16/6/2015,580.35,600.92,5.09
15/6/2015,586.48,604.53,5.098
12/6/2015,582.73,604.29,5.04
11/6/2015,581.05,601.4,5.033
10/6/2015,574.1,595.06,5.034
9/6/2015,574.47,593.36,4.932
8/6/2015,579.83,594.51,4.932
5/6/2015,578.07,592.22,4.935
4/6/2015,568.99,587.48,4.911
3/6/2015,567.9,585.6,4.861
2/6/2015,570.31,588.63,4.858
1/6/2015,574.98,593.61,4.847
29/5/2015,569.56,589.32,4.797
28/5/2015,572.97,594.27,4.799
27/5/2015,566.48,589.82,4.799
26/5/2015,567.2,591.13,4.799
25/5/2015,563,588.36,4.847
22/5/2015,561.82,586.58,4.885
21/5/2015,552.56,578.64,4.886
20/5/2015,550.1,572.34,4.984
19/5/2015,536.82,556.44,5.068
18/5/2015,528.95,552.9,5.068
15/5/2015,537.44,561.87,5.071
14/5/2015,543.69,569.89,5.071
13/5/2015,542.82,569.28,5.071
12/5/2015,544.41,571,5.063
11/5/2015,551.67,579.41,5.068
8/5/2015,554.51,582.91,5.067
7/5/2015,552.98,582.4,5.154
6/5/2015,549.3,579.39,5.033
5/5/2015,552.65,585.45,5.034
4/5/2015,545.08,576.52,5.033
27/4/2015,562.4,593.15,5.024
24/4/2015,565.77,596.1,5.194
23/4/2015,561.25,592.71,5.194
22/4/2015,562.51,594,5.194
21/4/2015,562.24,593.67,5.196
20/4/2015,565.04,595.82,5.129
17/4/2015,568.32,599.12,5.101
16/4/2015,568.28,595.09,5.065
15/4/2015,564.5,590.78,5.019
14/4/2015,558.67,587.24,4.876
13/4/2015,559.54,589.77,4.827
10/4/2015,554.03,583.34,4.797
9/4/2015,550.52,578.35,4.783
8/4/2015,547.72,575.94,4.747
7/4/2015,548.11,577.69,4.731
6/4/2015,542.97,572.71,4.723
3/4/2015,547.85,577.66,4.71
2/4/2015,546.85,576.13,4.711
1/4/2015,538.91,569.48,4.711
31/3/2015,551.13,579.97,4.692
30/3/2015,545.19,576.6,4.681
27/3/2015,551.42,583.02,4.681
26/3/2015,556.16,586.7,4.673
25/3/2015,560.93,590.17,4.683
24/3/2015,567.43,593.8,4.621
23/3/2015,570.89,598.07,4.511
20/3/2015,575.44,603.76,4.49
19/3/2015,573.74,601.31,4.481
18/3/2015,578.68,607.18,4.483
17/3/2015,581.76,611.24,4.461
16/3/2015,580.8,610.63,4.431
13/3/2015,586.1,616.94,4.424
12/3/2015,588.53,620.24,4.411
11/3/2015,586.54,619.27,4.408
10/3/2015,589.66,621.1,4.402
9/3/2015,588.44,620.88,4.388
6/3/2015,593.97,622.75,4.393
5/3/2015,596.91,625.25,4.381
4/3/2015,600.39,629.69,4.403
3/3/2015,596.72,627.27,4.416
2/3/2015,590.73,617.05,4.421
27/2/2015,592.57,618.39,4.388
26/2/2015,596.72,623.84,4.424
25/2/2015,592.66,619.44,4.475
24/2/2015,596.95,624.17,4.476
13/2/2015,587.24,617.2,4.478
12/2/2015,584.67,613.36,4.501
11/2/2015,581.76,607.33,4.496
10/2/2015,574.52,595.53,4.485
9/2/2015,573.55,594.77,4.488
6/2/2015,574.13,595.69,4.485
5/2/2015,567.17,591.28,4.483
4/2/2015,561.45,588.83,4.484
3/2/2015,557.47,585.47,4.484
2/2/2015,570.37,598.46,4.472
30/1/2015,576.07,606.54,4.432
29/1/2015,583.28,613.9,4.432
28/1/2015,583.76,613.53,4.443
27/1/2015,579.3,609.98,4.439
26/1/2015,580.64,612.64,4.449
23/1/2015,582.38,615.16,4.455
22/1/2015,574.54,610.31,4.453
21/1/2015,569.12,606.53,4.449
20/1/2015,572.22,609.19,4.446
19/1/2015,571.51,611.64,4.433
16/1/2015,574.81,614.72,4.429
15/1/2015,577.74,617.62,4.42
14/1/2015,577.01,616.84,4.446
13/1/2015,580.6,619.39,4.496
12/1/2015,574.32,615.73,4.587
9/1/2015,569.73,618.41,4.631
8/1/2015,553.47,606.85,4.709
7/1/2015,552.05,607.65,4.72
6/1/2015,549.66,606.37,4.712
5/1/2015,544.45,599.69,4.697
31/12/2014,545.63,601.66,4.673
30/12/2014,537.57,591.18,4.673
29/12/2014,532.68,583.36,4.671
26/12/2014,533.37,582.45,4.709
25/12/2014,532.01,585.19,4.709
24/12/2014,539.44,591.19,4.725
23/12/2014,537.88,589.61,4.73
22/12/2014,537.54,587.56,4.734
19/12/2014,523.09,570.61,4.734
18/12/2014,528.45,578.88,4.77
17/12/2014,518.22,569.71,4.698
16/12/2014,535.14,591.78,4.703
15/12/2014,547.93,603.92,4.71
12/12/2014,553.93,609.33,4.706
11/12/2014,550.11,604.8,4.678
10/12/2014,557.19,610.81,4.663
9/12/2014,555.31,603.85,4.594
8/12/2014,571.68,619.87,4.58
5/12/2014,578.76,624.67,4.569
4/12/2014,578.38,624.31,4.496
3/12/2014,574.88,619.29,4.449
2/12/2014,569.43,613.57,4.449
1/12/2014,568.01,614.44,4.309
28/11/2014,566.58,611.15,4.249
27/11/2014,572.89,615.57,4.264
26/11/2014,576.04,616.48,4.243
25/11/2014,585.91,623.23,4.226
24/11/2014,582.53,616.39,4.228
21/11/2014,588.03,623.74,4.067
20/11/2014,593.32,628.8,4.093
19/11/2014,588.35,623.66,4.095
18/11/2014,594.25,627.84,4.035
17/11/2014,600.93,637.21,4.006
14/11/2014,600.36,637.9,3.969
13/11/2014,603.16,638.87,3.894
12/11/2014,604.01,641.89,3.747
11/11/2014,604.23,642.02,3.799
10/11/2014,602.12,642.9,3.757
7/11/2014,602.59,642.77,3.787
6/11/2014,597.85,637.56,3.787
5/11/2014,597.01,637.68,3.75
4/11/2014,598.39,639.91,3.75
3/11/2014,603.15,644.64,3.738
31/10/2014,600.84,638.78,3.775
30/10/2014,589.14,627.21,3.734
29/10/2014,591.2,628.1,3.728
28/10/2014,583.13,618.99,3.753
27/10/2014,580.8,615.15,3.755
24/10/2014,591.51,629.52,3.721
23/10/2014,593.53,630.84,3.715
22/10/2014,601.59,637.85,3.736
21/10/2014,600.55,633.81,3.749
20/10/2014,589.24,628.09,3.775
17/10/2014,585.28,624.77,3.779
16/10/2014,587.17,623.76,3.731
15/10/2014,604.29,641.63,3.692
14/10/2014,605.79,641.13,3.73
13/10/2014,614.22,651.07,3.777
10/10/2014,617.72,651.72,3.799
9/10/2014,624.34,657.11,3.88
8/10/2014,617.26,658.98,3.906
7/10/2014,614.08,659.16,3.997
6/10/2014,614.42,662.43,4.019
3/10/2014,611.55,659.25,4.226
2/10/2014,612.66,659.64,4.281
1/10/2014,609.27,655.06,4.29
30/9/2014,598.8,644.25,4.159
29/9/2014,599.78,642.98,4.166
26/9/2014,604.98,649.63,4.174
25/9/2014,605.1,653.39,4.167
24/9/2014,603.59,655.14,4.171
23/9/2014,610.39,658.31,4.266
22/9/2014,611.93,653.19,4.266
19/9/2014,613.29,654.54,4.245
18/9/2014,615.8,659.63,4.23
17/9/2014,625.66,665.66,4.248
16/9/2014,627.66,666.66,4.233
15/9/2014,630.34,668.42,4.217
12/9/2014,632.5,669.78,4.238
11/9/2014,628.99,665.09,4.402
10/9/2014,628.8,666.42,4.451
9/9/2014,626.92,664.65,4.462
8/9/2014,639.85,678.83,4.488
5/9/2014,638.65,677.62,4.549
4/9/2014,640.22,678.59,4.502
3/9/2014,640.75,678.9,4.547
29/8/2014,636.65,676.82,4.547
28/8/2014,632.03,668.96,4.505
27/8/2014,628.77,667.9,4.538
26/8/2014,629.06,668.25,4.508
25/8/2014,625.88,661.76,4.537
22/8/2014,620.14,654.96,4.552
21/8/2014,612.94,649.94,4.508
20/8/2014,606.7,645.44,4.509
19/8/2014,604.64,645.46,4.524
18/8/2014,605.08,647,4.552
15/8/2014,604.24,645.13,4.588
14/8/2014,605.25,649.85,4.56
13/8/2014,602.76,645.17,4.607
12/8/2014,601.78,639.96,4.553
11/8/2014,602.13,638.22,4.502
8/8/2014,605.43,641.93,4.493
7/8/2014,607.62,644.19,4.503
6/8/2014,606.7,644,4.499
5/8/2014,607.73,643.56,4.503
4/8/2014,599.04,638.98,4.54
1/8/2014,593.9,635.01,4.599
31/7/2014,596.07,637.04,4.625
30/7/2014,589.33,629.07,4.653
29/7/2014,592.24,633.58,4.679
28/7/2014,589.45,630.3,4.719
25/7/2014,600.14,641.96,4.719
24/7/2014,602.06,646.64,4.767
23/7/2014,597.5,640.84,4.767
22/7/2014,597.98,641.95,4.762
21/7/2014,601.04,645.33,4.762
18/7/2014,596.26,645.52,4.779
17/7/2014,590.37,636.3,4.78
16/7/2014,589.68,637.13,4.812
15/7/2014,589.31,636.09,4.824
14/7/2014,586.23,632.54,4.853
11/7/2014,582.77,627.1,4.882
10/7/2014,584.88,628.78,4.85
9/7/2014,591.6,636.64,4.878
8/7/2014,591.47,636.21,4.878
7/7/2014,590.69,636.75,4.906
4/7/2014,589.35,631.02,4.944
3/7/2014,585.02,627.17,4.978
2/7/2014,578.8,620.2,4.956
1/7/2014,578.07,617.96,4.973
30/6/2014,578.13,615.06,4.958
27/6/2014,578.82,616.85,4.946
26/6/2014,576.4,619.91,4.946
25/6/2014,572.27,618.1,4.978
24/6/2014,569.74,612.54,4.919
23/6/2014,565.92,609.99,4.921
20/6/2014,560.78,607.23,4.954
19/6/2014,567.35,613.82,4.96
18/6/2014,570.03,618.61,4.984
17/6/2014,572.25,620.61,4.94
16/6/2014,572.37,618.62,4.963
13/6/2014,574.48,617.73,4.983
12/6/2014,573.77,616.11,5.037
11/6/2014,570.36,615.52,5.017
10/6/2014,566.89,608.59,5.02
9/6/2014,565.61,610.92,5.023
6/6/2014,559.04,608.48,5.04
5/6/2014,551.1,601.6,5.04
4/6/2014,553.46,603.83,5.099
3/6/2014,558.76,612.49,5.123
2/6/2014,556.8,610.99,5.098
30/5/2014,562.02,618,5.108
29/5/2014,558.45,615.01,5.14
28/5/2014,557.34,614.88,5.098
27/5/2014,552.75,605.87,5.114
26/5/2014,544.06,596.24,5.099
23/5/2014,541.49,594.35,5.091
22/5/2014,541.73,592.75,5.041
21/5/2014,543.88,596.82,5.066
20/5/2014,537.52,590.27,5.03
19/5/2014,533.04,589.31,5.039
16/5/2014,529.49,581.93,5.055
15/5/2014,524.05,575.53,5.005
14/5/2014,529.53,581.83,4.945
13/5/2014,513.91,560.11,4.928
12/5/2014,517.05,563.3,4.914
9/5/2014,542.46,587.91,4.923
8/5/2014,527.09,575.31,4.894
7/5/2014,559.97,609.51,4.902
6/5/2014,555.11,605.2,4.902
5/5/2014,564.85,614.36,4.892
29/4/2014,578,632.1,4.765
28/4/2014,573.1,628.9,4.768
25/4/2014,578.92,636.35,4.796
24/4/2014,570.46,629.16,4.807
23/4/2014,569.36,629.78,4.785
22/4/2014,569.87,630.88,4.785
21/4/2014,558.14,613.67,4.837
18/4/2014,565.33,621.13,4.963
17/4/2014,580.31,642.48,4.87
16/4/2014,574.29,634.76,4.906
15/4/2014,586.09,647.74,4.867
14/4/2014,596.11,661.12,4.867
11/4/2014,600.57,665.85,4.828
10/4/2014,601.33,670.06,4.877
8/4/2014,603.25,672.06,4.882
7/4/2014,600.57,672.97,4.912
4/4/2014,593.04,667.33,4.93
3/4/2014,589.44,664.88,4.898
2/4/2014,581.67,658.01,4.89
1/4/2014,583.85,660.13,4.874
31/3/2014,591.57,670.43,4.848
28/3/2014,594.29,676.31,4.934
27/3/2014,590.14,669.89,4.87
26/3/2014,588.06,664.87,4.915
25/3/2014,601.85,682.75,4.904
24/3/2014,607.55,689.32,4.991
21/3/2014,601.75,679.98,5.044
20/3/2014,600.26,676.08,5.04
19/3/2014,605.59,681.94,5.37
18/3/2014,599.85,673.68,5.37
17/3/2014,600.36,672.15,5.37
14/3/2014,596.83,668.39,5.376
13/3/2014,595.22,669.21,5.556
12/3/2014,590.02,663.84,5.613
11/3/2014,588.5,661.61,5.588
10/3/2014,583.69,655.8,5.624
7/3/2014,579.75,651.46,5.695
6/3/2014,578.56,648.62,5.748
5/3/2014,574.94,645.76,5.707
4/3/2014,569.97,638.79,5.792
3/3/2014,573.38,643.95,5.798
28/2/2014,586.48,663.81,5.843
27/2/2014,587.79,662.74,5.811
26/2/2014,589.81,667.91,5.839
25/2/2014,586.2,661.53,5.798
24/2/2014,576.58,648.49,5.829
21/2/2014,570.57,639.37,5.837
20/2/2014,571.04,638.7,5.96
19/2/2014,578.12,650.43,5.86
18/2/2014,574.56,645.6,5.919
17/2/2014,570.2,638.8,5.955
14/2/2014,572.22,641.41,6.056
13/2/2014,570.18,641.73,6.077
12/2/2014,564.25,637.79,6.107
11/2/2014,553.9,627.4,6.102
10/2/2014,555.9,631.42,6.151
7/2/2014,549.76,622.82,6.173
6/2/2014,554.68,626.31,6.175
27/1/2014,556.52,624.7,6.243
24/1/2014,560.19,627.91,6.223
23/1/2014,553.55,626.62,6.213
22/1/2014,551.92,626.04,6.235
21/1/2014,559.91,634.08,6.208
20/1/2014,553.67,620.69,6.288
17/1/2014,543.59,605.5,6.304
16/1/2014,533.54,589.46,6.293
15/1/2014,526.68,583.07,6.287
14/1/2014,522.31,580.59,6.391
13/1/2014,521.11,576.61,6.456
10/1/2014,518.94,576.16,6.46
9/1/2014,516.98,577.19,6.472
8/1/2014,513.9,573.11,6.504
7/1/2014,510.12,568.15,6.499
6/1/2014,509.1,566.3,6.562
3/1/2014,505.37,562.8,6.554
2/1/2014,504.51,562,6.565
31/12/2013,504.63,562.2,6.575
30/12/2013,500.35,556.37,6.575
27/12/2013,506.41,562.28,6.566
26/12/2013,506.55,562.45,6.566
25/12/2013,504.42,561.18,6.73
24/12/2013,505.62,562.85,6.678
23/12/2013,508.68,565.98,6.569
20/12/2013,504.45,560.68,6.626
19/12/2013,506.28,565.52,6.636
18/12/2013,505.25,566.27,6.646
17/12/2013,505.67,565.94,6.706
16/12/2013,502.04,560.93,6.684
13/12/2013,506.06,566.47,6.632
12/12/2013,506.92,567.4,6.786
11/12/2013,505.31,565.69,6.75
10/12/2013,511.6,572.13,6.756
9/12/2013,511.23,573.21,6.742
6/12/2013,510.12,570.11,6.753
5/12/2013,510.03,569.18,6.806
4/12/2013,510.88,570.91,6.807
3/12/2013,511.62,571.71,6.801
2/12/2013,508.53,568.87,6.829
29/11/2013,507.78,569.06,6.841
28/11/2013,507.71,570.56,6.852
27/11/2013,508.43,568.33,6.836
26/11/2013,509.16,568.85,6.835
25/11/2013,506.46,567.42,6.835
22/11/2013,505.64,566.28,6.872
21/11/2013,503.54,563.45,6.903
20/11/2013,505.52,566.44,6.904
19/11/2013,504.71,564.89,6.901
18/11/2013,506.48,565.36,6.908
15/11/2013,501.34,559.75,6.917
14/11/2013,497.85,555.73,6.844
13/11/2013,496.12,553.09,6.862
12/11/2013,497.65,555.11,6.867
11/11/2013,501.08,559.32,6.826
8/11/2013,498.61,556.78,6.807
7/11/2013,499.86,559.12,6.809
6/11/2013,502.52,561.93,6.746
5/11/2013,499.79,557.72,6.796
4/11/2013,497.07,554.97,6.813
1/11/2013,497.08,554.73,6.81
31/10/2013,497.41,555.56,6.636
30/10/2013,499.07,557.23,6.618
29/10/2013,497.08,556.15,6.554
28/10/2013,496.46,555.95,6.635
25/10/2013,500.75,560.57,6.577
24/10/2013,501.17,562.02,6.654
23/10/2013,504.05,565.28,6.604
22/10/2013,500.57,560.36,6.636
21/10/2013,501.57,561.3,6.591
18/10/2013,500.83,559.38,6.682
17/10/2013,499.59,557.79,6.684
16/10/2013,498.96,557.15,6.693
15/10/2013,495.72,553.9,6.629
14/10/2013,493.62,551.48,6.702
11/10/2013,494.53,552.16,6.721
10/10/2013,494.81,551.86,6.7
9/10/2013,500.67,556.72,6.794
8/10/2013,502.22,558.55,6.718
7/10/2013,500.47,557.54,6.879
4/10/2013,497.5,552.07,6.847
3/10/2013,492.3,549.58,6.88
2/10/2013,494.39,552.73,6.832
1/10/2013,492.24,549.63,6.875
30/9/2013,492.63,551.56,6.937
27/9/2013,486.61,545.49,7.006
26/9/2013,485.11,545.83,7.026
25/9/2013,486.22,545.83,7.026
24/9/2013,482.82,543.23,6.959
23/9/2013,479.09,540.25,7.012
20/9/2013,477.19,537.57,6.983
19/9/2013,476.09,533.83,6.994
18/9/2013,474.26,531.63,7.154
17/9/2013,477.73,535.8,7.083
16/9/2013,475.57,531.99,7.097
13/9/2013,476.42,531.21,7.072
12/9/2013,475.59,531.17,7.141
11/9/2013,476.4,531.91,7.092
10/9/2013,474.53,530.19,7.099
9/9/2013,470.16,524.17,7.041
6/9/2013,480.03,534.8,7.026
5/9/2013,477.57,531.71,6.963
4/9/2013,471.45,525.66,7.035
3/9/2013,472.17,527.92,6.589
30/8/2013,472.7,531.23,6.589
29/8/2013,468.55,523.51,6.423
28/8/2013,473.3,528.62,6.481
27/8/2013,485.57,539.97,6.626
26/8/2013,490.54,543.38,6.408
23/8/2013,486.82,542.08,6.35
22/8/2013,496.12,549.54,6.256
21/8/2013,502.7,555.93,6.354
20/8/2013,504.81,557.52,6.222
19/8/2013,511.02,561.62,6.209
16/8/2013,507.79,559.16,6.156
15/8/2013,508.22,559.07,6.271
14/8/2013,503.57,554.34,6.244
13/8/2013,497.73,550.36,6.335
12/8/2013,499.46,550.07,6.259
9/8/2013,500.62,552.27,6.25
8/8/2013,498.22,550.07,6.209
7/8/2013,500.1,553.29,6.284
6/8/2013,496.56,549.45,6.284
5/8/2013,493.66,546.18,6.298
2/8/2013,494.66,545.59,6.244
1/8/2013,492.43,543.56,6.358
31/7/2013,491.85,542.52,6.359
30/7/2013,488.54,541.78,6.346
29/7/2013,485.69,537.42,6.267
26/7/2013,493.93,544.88,6.284
25/7/2013,491.78,544.15,6.234
24/7/2013,494.18,548.24,6.284
23/7/2013,504.29,556.79,6.242
22/7/2013,506.16,557.97,6.209
19/7/2013,503.76,556.56,6.259
18/7/2013,496.84,550.67,6.171
17/7/2013,497.5,551.38,6.211
16/7/2013,496.22,549.75,6.296
15/7/2013,494.1,548.6,6.191
12/7/2013,493.99,548.27,6.083
11/7/2013,484.47,539.51,6.134
10/7/2013,484.43,538.97,6.128
9/7/2013,485.5,541.53,6.108
8/7/2013,482.77,539.92,6.002
5/7/2013,485.66,543.38,6.205
4/7/2013,487.22,543.66,5.963
3/7/2013,487.35,543.95,6.069
2/7/2013,489.84,544.98,5.964
1/7/2013,480.04,534.85,5.978
28/6/2013,481.13,538.54,6.027
27/6/2013,482.95,539.89,6.085
26/6/2013,473.53,529.88,6.11
25/6/2013,473.02,530.46,6.254
24/6/2013,489.74,546.56,6.158
21/6/2013,498.84,553.57,6.112
20/6/2013,499.51,555.01,5.95
19/6/2013,503.37,556.73,5.936
18/6/2013,503.37,552.87,5.945
17/6/2013,498.52,552.73,5.951
14/6/2013,509.03,562.97,5.862
13/6/2013,515.09,571.79,5.907
12/6/2013,518.24,575.39,5.761
11/6/2013,521.95,581.15,5.741
10/6/2013,524.56,584.11,5.723
7/6/2013,527.97,588.21,5.765
6/6/2013,520.9,582.92,5.708
5/6/2013,514.64,577.28,5.696
4/6/2013,510.69,574.95,5.856
3/6/2013,517.03,580.89,5.966
31/5/2013,518.39,581.95,6.08
30/5/2013,521.45,584.7,6.162
29/5/2013,515.09,579.33,6.142
28/5/2013,516.33,577.4,6.142
27/5/2013,512.41,574.82,6.224
24/5/2013,500.24,563.81,6.224
23/5/2013,498.22,561.79,6.224
22/5/2013,502.23,567.79,6.293
21/5/2013,500.18,566.46,6.367
20/5/2013,492.27,558.79,6.528
17/5/2013,487.6,553.51,6.642
16/5/2013,490.34,556.01,6.631
15/5/2013,485.97,551.81,6.721
14/5/2013,483.85,548.27,6.655
13/5/2013,488.93,554.38,6.853
10/5/2013,486.1,551.81,6.845
9/5/2013,486.22,552.53,6.934
8/5/2013,485.07,549.74,6.89
7/5/2013,485.58,549.57,6.897
6/5/2013,488.32,551.99,6.897
3/5/2013,475.24,539.33,6.954
2/5/2013,473.02,536.25,6.919
26/4/2013,474.51,537.37,6.931
25/4/2013,476.59,537.23,6.985
24/4/2013,472.89,531.69,6.974
23/4/2013,473.69,532.24,6.989
22/4/2013,468.43,527.63,6.997
18/4/2013,473.21,532.44,7.018
17/4/2013,483.99,543.99,6.946
16/4/2013,478.07,538.17,7.026
15/4/2013,480.02,540.83,6.99
12/4/2013,494.27,557.77,7.106
11/4/2013,504.07,565.76,7.142
10/4/2013,496.5,558.37,7.121
9/4/2013,510.49,575.93,7.103
8/4/2013,506.66,575.02,7.104
5/4/2013,502.58,570.2,7.091
4/4/2013,497.35,564.39,7.117
3/4/2013,505.93,569.33,7.052
2/4/2013,509.43,573.5,7.035
1/4/2013,505.81,566.98,7.272
29/3/2013,491.04,552.28,7.117
28/3/2013,490.67,551.92,7.199
27/3/2013,491.26,554.83,7.204
26/3/2013,489.46,557.17,7.204
25/3/2013,493.57,561.81,7.43
22/3/2013,489.99,554.84,7.335
21/3/2013,491.79,559.39,7.358
20/3/2013,487.04,551.15,7.691
19/3/2013,480.48,547.22,7.445
18/3/2013,479.13,548.72,7.633
15/3/2013,481.35,553.33,7.723
14/3/2013,474.6,546.15,7.67
13/3/2013,473.18,542.94,7.749
12/3/2013,475.34,547.63,7.657
11/3/2013,476.5,550.22,7.738
8/3/2013,470.68,540.01,7.636
7/3/2013,466.63,533.69,7.732
6/3/2013,471.09,539.08,7.673
5/3/2013,462.12,528.29,7.805
4/3/2013,468.74,534.53,7.798
1/3/2013,477.15,547.7,7.884
28/2/2013,474.56,545.68,7.895
27/2/2013,465.72,535.86,7.895
26/2/2013,465.05,536.94,7.949
25/2/2013,483.69,558.17,7.952
22/2/2013,477.69,551.33,7.86
21/2/2013,476.73,550.42,7.951
20/2/2013,494.83,572.38,7.945
19/2/2013,490.78,570.22,7.879
18/2/2013,493.95,574.43,7.879
8/2/2013,494.03,574.18,8.001
7/2/2013,490.62,571.59,8.001
6/2/2013,488.36,570.03,8.001
5/2/2013,477.36,556.83,8.001
4/2/2013,482.38,562.07,8.001
1/2/2013,483.42,566.09,7.913
31/1/2013,479.79,564.01,7.913
30/1/2013,487.6,572.76,7.912
29/1/2013,484.01,569.6,7.713
28/1/2013,479.6,562.6,7.615
25/1/2013,468.09,547.31,7.604
24/1/2013,452.4,532.11,7.669
23/1/2013,443.37,521.92,7.581
22/1/2013,442.85,521.19,7.635
21/1/2013,447.79,527.89,7.745
18/1/2013,454.16,534.97,7.745
17/1/2013,456.76,537.75,7.7
16/1/2013,465.25,546.34,7.811
15/1/2013,461.42,542.73,8.066
14/1/2013,458.97,537.42,8.066
11/1/2013,462.69,545.72,8.222
10/1/2013,460.12,545.8,8.246
9/1/2013,448.77,531.52,8.357
8/1/2013,447.16,525.36,8.345
7/1/2013,434.19,509.18,8.456
4/1/2013,426.06,498.31,8.534
3/1/2013,419.27,491.34,8.527
2/1/2013,418.35,490.82,8.545
28/12/2012,413.73,485.38,8.563
27/12/2012,409.97,480.85,8.549
26/12/2012,406.1,475.93,8.567
25/12/2012,401.34,469.15,8.65
24/12/2012,399.71,466.99,8.65
21/12/2012,396.78,465.24,8.701
20/12/2012,399.68,468.32,8.669
19/12/2012,398.59,467.12,8.654
18/12/2012,393.39,460.42,8.674
17/12/2012,393.63,462.25,8.676
14/12/2012,392.21,460.74,8.622
13/12/2012,391.19,457.83,8.661
12/12/2012,391.08,457.64,8.649
11/12/2012,389.37,455.9,8.659
10/12/2012,386.69,453.69,8.649
7/12/2012,383.8,449.81,8.644
6/12/2012,385.69,451.72,8.598
5/12/2012,385.69,451.61,8.648
4/12/2012,382.1,448.02,8.658
3/12/2012,379.27,445.72,8.687
30/11/2012,377.82,443.68,8.792
29/11/2012,378.2,444.27,8.794
28/11/2012,375.79,441.49,8.794
27/11/2012,376.89,443.68,8.794
26/11/2012,377.9,445.17,8.779
23/11/2012,381.71,449.73,8.758
22/11/2012,383.22,452.24,8.841
21/11/2012,383.87,452.87,8.792
20/11/2012,385.1,455.1,8.789
19/11/2012,383.32,452.36,8.799
16/11/2012,385.71,455.67,8.825
15/11/2012,386.91,457.08,8.789
14/11/2012,387.71,458.21,8.831
13/11/2012,385.22,455.08,8.873
12/11/2012,388.62,460.56,8.873
9/11/2012,386.71,457.23,8.896
8/11/2012,385.6,455.78,8.916
7/11/2012,380.9,450.83,8.89
6/11/2012,376.95,446.63,8.962
5/11/2012,377.27,446.51,8.963
2/11/2012,375.26,441.9,8.962
1/11/2012,387.95,458.06,8.945
31/10/2012,388.42,458.56,9.055
30/10/2012,389.86,459.04,9.104
29/10/2012,391.36,461.03,9.104
26/10/2012,391.7,462.16,9.111
25/10/2012,389.92,459.93,9.111
24/10/2012,395.45,466.62,9.118
23/10/2012,397.71,469.82,9.123
22/10/2012,397,469.39,9.146
19/10/2012,398.23,471.26,9.125
18/10/2012,398.51,471.96,9.129
17/10/2012,397.02,469.39,9.149
16/10/2012,399.22,471.68,9.082
15/10/2012,391.56,461.34,9.092
12/10/2012,392.54,460.18,9.116
11/10/2012,394.19,461.28,9.096
10/10/2012,394.66,461.71,9.08
9/10/2012,393.67,460.09,9.062
8/10/2012,393.45,460.26,9.031
5/10/2012,388.16,453.2,8.939
4/10/2012,384.51,449.62,8.947
3/10/2012,385.37,450.44,8.96
2/10/2012,384.32,448.97,8.93
1/10/2012,386.55,451.55,8.939
28/9/2012,392.57,456.48,8.918
27/9/2012,393.34,458.38,8.887
26/9/2012,395.12,460.23,8.904
25/9/2012,391.77,456.52,8.901
24/9/2012,390.37,454.52,8.842
21/9/2012,395.48,457.53,8.837
20/9/2012,389.28,449.66,8.824
19/9/2012,394.55,457.13,8.754
18/9/2012,394.51,460.44,8.767
17/9/2012,401.75,468.32,8.775
14/9/2012,398.87,463.9,8.769
13/9/2012,391.36,456.11,8.775
12/9/2012,388.35,453.96,8.769
11/9/2012,386.62,453.39,8.774
10/9/2012,388.88,455.59,8.771
7/9/2012,397.51,465.94,8.786
6/9/2012,393.41,463.63,8.808
5/9/2012,398.92,469.46,8.799
4/9/2012,402.08,472.78,8.852
31/8/2012,396.02,465.29,8.697
30/8/2012,397.25,465.42,8.718
29/8/2012,393.06,459.64,8.722
28/8/2012,385.78,454.1,8.671
27/8/2012,386.19,456.32,8.678
24/8/2012,399.72,472.75,8.683
23/8/2012,392.82,464.83,8.589
22/8/2012,410.23,486.32,8.589
21/8/2012,416.84,496.39,8.504
20/8/2012,437.28,521.28,8.509
17/8/2012,433.45,515.55,8.536
16/8/2012,430.83,514.47,8.786
15/8/2012,430.77,516.05,8.498
14/8/2012,429.47,513.36,8.503
13/8/2012,426.17,508.99,8.611
10/8/2012,425.56,506.6,8.502
9/8/2012,426.98,508.58,8.685
8/8/2012,423.57,503.74,8.546
7/8/2012,422.5,502.07,8.773
6/8/2012,423.16,502.97,8.83
3/8/2012,418.21,497.38,8.567
2/8/2012,416.1,494.12,8.697
1/8/2012,412.55,489.76,8.758
31/7/2012,414.48,491.98,8.873
30/7/2012,415,492.29,8.954
27/7/2012,413.16,489.61,8.944
26/7/2012,414.8,490.78,9.028
25/7/2012,412.91,488.37,9.125
24/7/2012,415.63,491.34,9.087
23/7/2012,421.99,495.86,9.091
20/7/2012,424.47,497.43,9.113
19/7/2012,428.38,502.6,9.129
18/7/2012,418.83,494.11,9.16
17/7/2012,417.55,493.04,9.165
16/7/2012,413.98,488.63,9.102
13/7/2012,416.98,492.36,9.189
12/7/2012,408.72,483.12,9.165
11/7/2012,407.28,481.57,9.111
10/7/2012,405.39,479.58,9.118
9/7/2012,408.12,482.49,9.177
6/7/2012,415.44,490.64,9.104
5/7/2012,413.83,488.82,9.296
4/7/2012,410.73,485.42,9.365
3/7/2012,413.09,486.95,9.367
2/7/2012,419.3,492.66,9.303
29/6/2012,422.37,497.73,9.238
28/6/2012,418.16,491.71,9.424
27/6/2012,418.04,492.77,9.373
26/6/2012,419.19,493.73,9.227
25/6/2012,424.12,498.09,9.016
22/6/2012,427.17,500.34,8.753
21/6/2012,431.14,504.71,8.656
20/6/2012,432.89,508.23,8.609
19/6/2012,431.08,506.67,8.641
18/6/2012,435.59,510.81,8.672
15/6/2012,433.09,507.94,8.537
14/6/2012,425.28,500.24,8.576
13/6/2012,427.61,504.19,8.513
12/6/2012,428.16,506.49,8.373
11/6/2012,432.5,509.99,8.413
8/6/2012,432.9,508.15,8.413
7/6/2012,434.41,509.41,8.46
6/6/2012,426.39,504.11,8.461
5/6/2012,421.02,498.02,8.609
4/6/2012,416.65,492.89,8.56
1/6/2012,428.8,505.65,8.56
31/5/2012,429.2,507.07,8.635
30/5/2012,435.34,513.38,8.649
29/5/2012,431.44,510.81,8.688
28/5/2012,435.48,513.44,8.61
25/5/2012,437.38,514.27,8.62
24/5/2012,426.92,501.58,8.592
23/5/2012,436.75,508.45,8.591
22/5/2012,447.94,516.86,8.723
21/5/2012,448.02,518.86,8.922
18/5/2012,434.95,504.61,8.964
17/5/2012,442.58,513.46,8.963
16/5/2012,449.91,519.7,8.971
15/5/2012,455.65,522.9,9.154
14/5/2012,469.69,536.35,9.643
11/5/2012,480.1,547.94,9.649
10/5/2012,486.07,554.74,9.668
9/5/2012,487.62,557.35,9.946
8/5/2012,488.07,557.02,10.007
7/5/2012,486.31,552.3,10.127
4/5/2012,476.32,542.5,10.132
3/5/2012,468.8,536.1,10.865
2/5/2012,472.46,539.72,10.812
27/4/2012,473.77,541.2,10.674
26/4/2012,470.21,538.1,10.851
25/4/2012,472.87,542.78,10.846
24/4/2012,465.65,534.89,10.99
23/4/2012,465.17,533.6,11.034
20/4/2012,465.72,533.74,10.992
19/4/2012,467.08,533.68,11.011
18/4/2012,472.16,541.6,11.074
17/4/2012,472.84,544.13,11.139
16/4/2012,468.26,539.17,11.194
13/4/2012,462.52,532.3,11.071
12/4/2012,465.26,537.28,11.276
11/4/2012,458.74,527.63,11.263
10/4/2012,450.85,517.4,11.305
9/4/2012,450.73,515.64,11.326
6/4/2012,447.44,511.51,11.326
5/4/2012,444.93,507.35,11.321
4/4/2012,439.77,500.28,11.361
3/4/2012,445.77,505.77,11.388
30/3/2012,441.03,500.07,11.457
29/3/2012,439.63,498.48,11.452
28/3/2012,446.32,504.54,11.451
27/3/2012,445.9,502.41,11.419
26/3/2012,459.26,517.27,11.315
23/3/2012,454.1,512.84,11.374
22/3/2012,445.67,505.54,11.404
21/3/2012,445.77,506.8,11.401
20/3/2012,440.29,501.29,11.393
19/3/2012,438.07,497.22,11.483
16/3/2012,438.52,496.87,11.437
15/3/2012,441.85,502.82,11.425
14/3/2012,433.86,491.23,11.415
13/3/2012,429.39,486.42,11.491
12/3/2012,428.02,482.65,11.489
9/3/2012,432.11,487.03,11.445
8/3/2012,431.66,489.05,11.497
7/3/2012,444.02,505.9,11.495
6/3/2012,445,508.41,11.57
5/3/2012,457.21,524.94,11.565
2/3/2012,439.6,503.54,11.56
1/3/2012,427.95,491.01,11.707
29/2/2012,423.64,485.18,11.872
28/2/2012,422.22,480.89,11.737
27/2/2012,428.41,485.85,11.906
24/2/2012,423.43,477.77,12.013
23/2/2012,423.89,476.4,11.894
22/2/2012,418.41,470.97,12.016
21/2/2012,410.91,462.27,12.083
20/2/2012,413.98,465.44,12.101
17/2/2012,403.3,451.22,12.301
16/2/2012,396.51,443.54,12.28
15/2/2012,397.41,446.08,12.27
14/2/2012,400.26,450.22,12.269
13/2/2012,395.54,446.23,12.456
10/2/2012,405.02,458.23,12.468
9/2/2012,411.39,464.73,12.555
8/2/2012,409.53,460.98,12.552
7/2/2012,401.08,449.31,12.613
6/2/2012,399.73,447.47,12.602
3/2/2012,401.74,449.41,13.049
2/2/2012,401.61,449.66,13.014
1/2/2012,390.67,436.95,13.002
31/1/2012,387.97,432.37,12.99
30/1/2012,384.94,428.29,12.979
20/1/2012,373,414.34,12.936
19/1/2012,373.43,414.65,12.863
18/1/2012,362.66,403.09,12.853
17/1/2012,358.86,398.93,12.842
16/1/2012,357.87,397.79,12.833
13/1/2012,354.33,394.43,12.823
12/1/2012,348.11,387.98,12.793
11/1/2012,347.43,389.1,12.783
10/1/2012,344.68,385.65,12.773
9/1/2012,339.32,379.12,12.763
6/1/2012,336.73,374.02,12.754
5/1/2012,340.94,376.97,12.726
4/1/2012,348.84,385.42,12.716
3/1/2012,350,385.28,12.748
30/12/2011,351.55,388.6,13
29/12/2011,350.51,386.93,12.698
28/12/2011,350.66,385.91,12.688
27/12/2011,347.8,382.35,13
26/12/2011,352.68,385.69,12.866
23/12/2011,356.21,388.63,12.812
22/12/2011,360.37,392.45,12.782
21/12/2011,367.72,400.73,12.772
20/12/2011,365.67,399.25,13
19/12/2011,367.4,401.37,13
16/12/2011,366.03,398.25,13
15/12/2011,364.48,394.96,13
14/12/2011,367.55,398.25,13
12/12/2011,375.3,405.68,13
9/12/2011,377.16,406.03,13
8/12/2011,381.63,409.49,13
6/12/2011,390.2,417.9,13
5/12/2011,391.19,418.27,13
1/12/2011,380.1,408.1,13
30/11/2011,380.69,409.32,12.699
29/11/2011,382.9,412.62,12.71
28/11/2011,383.31,412.13,12.698
25/11/2011,383.35,413.14,12.896
24/11/2011,381.78,413.02,12.86
23/11/2011,388.57,418.96,12.846
22/11/2011,381.76,412.06,12.834
21/11/2011,379.14,410.08,12.516
18/11/2011,379.62,409.41,12.672
17/11/2011,385.86,413.75,12.638
16/11/2011,390.89,416.6,12.626
15/11/2011,387.87,412.65,12.615
14/11/2011,391.74,417.3,12.603
11/11/2011,396.3,422.14,12.592
10/11/2011,401.03,425.65,12.36
9/11/2011,405.19,430.58,12.58
8/11/2011,408.6,434.61,12.631
7/11/2011,410.52,436.5,12.629
4/11/2011,410.57,436.72,12.503
3/11/2011,408.44,435.21,12.472
2/11/2011,407.79,435.48,12.462
1/11/2011,413.82,439.32,12.458
31/10/2011,420.81,444.87,12.458
28/10/2011,422.07,447.44,12.741
27/10/2011,414.75,439.67,12.65
26/10/2011,412.1,436.45,12.679
25/10/2011,409.38,433.93,12.368
24/10/2011,414.46,437.26,12.442
21/10/2011,411.03,434.01,12.435
20/10/2011,403.73,427.32,12.33
19/10/2011,401.15,425.56,12.535
18/10/2011,404.32,429.71,12.535
17/10/2011,410.84,435.63,12.463
14/10/2011,414.49,440.96,12.705
13/10/2011,412.59,439.9,12.227
12/10/2011,410.91,438.52,12.23
11/10/2011,417.73,445.07,12.178
10/10/2011,419.66,447.52,12.205
7/10/2011,417.96,446.3,12.195
6/10/2011,421.3,448.98,12.127
5/10/2011,417.21,445.16,12.127
4/10/2011,418.18,446.72,12.114
3/10/2011,422.12,450.39,12.153
30/9/2011,427.6,455.97,12.092
29/9/2011,428.08,456.14,12.164
28/9/2011,433.97,462.12,12.163
27/9/2011,437.47,464.7,12.063
26/9/2011,434.43,462.86,12.024
23/9/2011,440.3,469.09,12.111
22/9/2011,449.26,477.5,12.111
21/9/2011,447.57,474.96,12.081
20/9/2011,454.37,479.38,12.146
19/9/2011,461.68,484.77,12.196
16/9/2011,457.11,476.16,12.184
15/9/2011,470.67,489.35,12.067
14/9/2011,466.99,487.15,12.091
13/9/2011,469.4,494.22,12.038
12/9/2011,462.93,490.28,12.111
9/9/2011,459.92,491.1,12.112
8/9/2011,453.26,486.39,12.089
7/9/2011,443.99,478.33,12.116
6/9/2011,436.16,471.21,12.116
5/9/2011,435.73,472.27,12.103
1/9/2011,435.29,474.54,12.543
31/8/2011,425.43,461.42,12.512
30/8/2011,419.26,454.56,12.513
29/8/2011,413.37,448.5,12.37
26/8/2011,404.4,438.82,12.505
25/8/2011,401.65,436.02,12.379
24/8/2011,396.68,430.73,12.55
23/8/2011,401.28,436.5,12.53
22/8/2011,406.03,439.01,12.508
19/8/2011,400.76,432.48,12.487
18/8/2011,402.89,436.46,12.484
17/8/2011,393.46,426.73,12.481
16/8/2011,386.48,418.86,12.592
15/8/2011,384.32,417.39,12.446
12/8/2011,383.92,416.83,12.657
11/8/2011,384.4,417.31,12.636
10/8/2011,386,418.09,12.361
9/8/2011,387.7,421.22,12.434
8/8/2011,396.4,430.37,12.556
5/8/2011,397.66,436.62,12.592
4/8/2011,396.05,433.47,12.398
3/8/2011,391.47,429.39,12.536
2/8/2011,396.55,433.02,12.469
1/8/2011,401.95,437.93,12.469
29/7/2011,405.7,442.44,12.497
28/7/2011,408.4,444.77,12.629
27/7/2011,409.4,444.33,12.499
26/7/2011,409.4,441.67,12.534
25/7/2011,409.36,441.2,12.452
22/7/2011,409.2,441.96,12.57
21/7/2011,413.1,446.02,12.687
20/7/2011,416.8,449.32,12.444
19/7/2011,410.1,439.4,12.396
18/7/2011,415.8,443.66,12.585
15/7/2011,414.7,441.56,12.566
14/7/2011,418.9,446.27,12.589
13/7/2011,418.2,445.59,12.672
12/7/2011,417.3,444.35,12.672
11/7/2011,425.1,451.45,12.637
8/7/2011,430.3,456.03,12.735
7/7/2011,430,454.89,12.741
6/7/2011,428.3,453.12,12.783
5/7/2011,431,455.88,12.816
4/7/2011,425.4,450.13,12.739
1/7/2011,425.3,448.52,12.774
30/6/2011,432.5,454.77,12.781
29/6/2011,434.6,456.54,12.747
28/6/2011,432.3,455.79,12.852
27/6/2011,434.3,459.82,12.846
24/6/2011,433.4,457.45,12.891
23/6/2011,434.8,458.72,12.952
22/6/2011,439.6,463.03,12.947
21/6/2011,442.7,465.95,12.947
20/6/2011,431.6,452.91,12.908
17/6/2011,438.9,460.9,12.936
16/6/2011,445.2,464.7,13.141
15/6/2011,441.5,460.17,13.065
14/6/2011,441.5,460.85,13.409
13/6/2011,442.7,460.32,13.409
10/6/2011,445,460.24,13.439
9/6/2011,444,458.93,13.74
8/6/2011,439.6,457.22,13.719
7/6/2011,443.7,460.81,13.533
6/6/2011,433.8,449.82,13.53
3/6/2011,443.4,458.32,13.403
2/6/2011,450.6,464.62,13.526
1/6/2011,435.7,449.81,13.523
31/5/2011,421.4,434.65,13.54
30/5/2011,412.1,425.26,13.255
27/5/2011,410.8,428.45,13.825
26/5/2011,398,414.87,13.735
25/5/2011,386.4,402.7,13.244
24/5/2011,402.6,420.04,13.607
23/5/2011,417.8,436.62,13.607
20/5/2011,432.9,452.52,13.075
19/5/2011,444.9,463.44,13.075
18/5/2011,454.9,471.81,13.622
17/5/2011,464.4,477.76,13.043
16/5/2011,471.5,481.98,13.027
13/5/2011,479.7,488.75,13.136
12/5/2011,482.1,490.61,13.296
11/5/2011,483.2,492,12.97
10/5/2011,481.3,490.36,12.966
9/5/2011,477.5,489.25,13.229
6/5/2011,472.7,487.16,13.252
5/5/2011,479.3,489.36,12.745
4/5/2011,486.6,492.42,12.729
29/4/2011,480.1,487.92,12.287
28/4/2011,472.9,483.27,12.287
27/4/2011,469.3,483.61,12.045
26/4/2011,461.9,478,12.334
25/4/2011,465.6,484.74,12.329
22/4/2011,456.5,476.75,12.029
21/4/2011,460.3,483.73,12.029
20/4/2011,458.5,485.55,12.029
19/4/2011,453.7,482.05,11.797
18/4/2011,455.5,483.8,11.639
15/4/2011,461,488.92,11.776
14/4/2011,460.6,491.02,11.776
13/4/2011,461,494.25,11.781
8/4/2011,464.3,498.28,11.626
7/4/2011,463.5,497.12,11.577
6/4/2011,464.9,498.53,11.455
5/4/2011,457.2,489.35,11.455
4/4/2011,457.3,488.15,11.542
1/4/2011,459.2,487.57,11.551
31/3/2011,461.1,488.94,11.548
30/3/2011,460,490.23,11.473
29/3/2011,457.9,488.84,11.472
25/3/2011,457.7,488.07,11.364
24/3/2011,461.3,490.6,11.421
23/3/2011,467.6,495.22,11.42
22/3/2011,464.8,488.25,11.404
18/3/2011,461.1,491.61,11.395
16/3/2011,463.6,484.44,11.347
15/3/2011,468.7,487.39,11.346
11/3/2011,495.1,510.74,11.235
10/3/2011,482.5,497.91,11.262
9/3/2011,470.5,486.67,11.227
8/3/2011,475.4,490.43,11.046
7/3/2011,468.2,485.32,11.081
3/3/2011,452.3,472.52,10.96
2/3/2011,457.8,476.2,10.905
1/3/2011,466.1,485.84,10.903
28/2/2011,461.4,482.67,10.838
23/2/2011,470.7,488.87,10.765
21/2/2011,483.7,496.18,10.688
18/2/2011,503.9,518.86,10.698
17/2/2011,509.8,527.94,10.727
16/2/2011,513,532.52,10.725
15/2/2011,517.9,538.69,10.765
14/2/2011,514.1,534.54,10.722
10/2/2011,520.2,541.44,10.428
28/1/2011,510.6,531.47,10.495
27/1/2011,502.7,524.03,10.332
26/1/2011,501.3,518.16,10.316
25/1/2011,502,518.82,10.102
19/1/2011,505.9,517.26,10.37
18/1/2011,497.4,510.81,10.275
17/1/2011,495.2,512.95,10.293
14/1/2011,489.2,509.86,10.323
13/1/2011,484.1,504.82,10.301
12/1/2011,478.5,498.84,10.381
11/1/2011,477.4,497.61,10.345
7/1/2011,481.9,504.18,10.139
6/1/2011,482.3,506.07,10.129
5/1/2011,481.9,505.53,10.059
4/1/2011,486,510.23,10.057
28/12/2010,479.3,509.42,10.233
27/12/2010,473.1,503.46,10.214
24/12/2010,472.8,502.49,10.221
22/12/2010,481.5,510.72,10.056
21/12/2010,481.8,514.64,10.009
20/12/2010,478.3,515.75,10.135
17/12/2010,485.3,524.03,9.962
16/12/2010,480.2,518.43,9.934
15/12/2010,493.5,535.04,9.996
14/12/2010,489.7,526.29,10.035
13/12/2010,490.2,521.76,10.282
10/12/2010,473.1,501.99,10.29
9/12/2010,460.5,487.59,10.047
8/12/2010,452.8,477.67,10.049
7/12/2010,460.8,484.87,9.937
6/12/2010,465.6,489.14,9.989
3/12/2010,464.4,487.18,9.904
2/12/2010,457.4,478,10.068
1/12/2010,449.9,469.86,9.917
30/11/2010,451.6,472.49,10.115
29/11/2010,446.4,467.96,9.933
26/11/2010,439.9,459.11,10.024
25/11/2010,439.9,461.05,9.841
24/11/2010,434.5,458,9.924
19/11/2010,426.5,445.73,9.87
18/11/2010,430.7,448.03,9.915
17/11/2010,425.5,442.36,9.852
16/11/2010,426.9,445.91,9.851
15/11/2010,433.5,452.73,9.75
12/11/2010,441.6,462.24,9.752
10/11/2010,451.3,473.3,9.693
9/11/2010,449.4,472.34,9.355
8/11/2010,457.1,479.85,9.25
5/11/2010,457.3,481.46,9.148
4/11/2010,449,472.55,9.145
1/11/2010,451.1,474.56,9.25
29/10/2010,452.6,476.56,9.288
28/10/2010,450.1,472.81,9.284
27/10/2010,450,471.26,9.311
26/10/2010,455.1,476.42,9.292
25/10/2010,448.6,468.81,9.291
22/10/2010,445.2,465.45,9.335
21/10/2010,445.1,464.45,9.318
20/10/2010,442.2,460.96,9.271
19/10/2010,454.3,473.51,9.346
15/10/2010,458.4,477.89,9.259
14/10/2010,458.7,479.56,9.316
13/10/2010,457.7,477.55,9.354
12/10/2010,454.3,475.71,9.35
8/10/2010,459.3,481.98,9.347
7/10/2010,462.1,483.61,9.383
6/10/2010,460.7,483.05,9.386
5/10/2010,451,473.55,9.351
4/10/2010,445.8,467.33,9.353
1/10/2010,451.7,471.35,9.436
30/9/2010,454.5,473.93,9.395
29/9/2010,452.9,471.93,9.357
28/9/2010,455.1,473.56,9.445
27/9/2010,450.2,468.32,9.514
24/9/2010,449.7,467.58,9.514
22/9/2010,453.9,469.64,9.504
21/9/2010,453.3,468.21,9.503
20/9/2010,457.9,476.57,9.414
17/9/2010,457.6,476.11,9.411
16/9/2010,449.5,466.73,9.407
15/9/2010,448.7,467.54,9.365
14/9/2010,449,468.27,9.409
13/9/2010,447.3,468.09,9.407
10/9/2010,451.4,470.51,9.455
9/9/2010,463.7,484.63,9.437
8/9/2010,458.4,478.4,9.434
7/9/2010,460.6,480.86,9.35
6/9/2010,466,488.54,9.398
1/9/2010,458.8,481.65,9.432
31/8/2010,455.1,478.7,9.472
30/8/2010,444.6,466.65,9.441
27/8/2010,429.1,450.41,9.412
26/8/2010,427.1,447.91,9.408
25/8/2010,423.89,442.55,9.403
24/8/2010,434.4,450.97,9.378
23/8/2010,447.9,465.68,9.327
20/8/2010,454.8,472.26,9.397
19/8/2010,452.2,465.75,9.422
18/8/2010,455.5,470.08,9.441
17/8/2010,463.5,479.72,9.376
16/8/2010,464.8,480.99,9.394
13/8/2010,452.7,469.15,9.379
12/8/2010,448.4,466.41,9.347
11/8/2010,463.1,481.11,9.346
10/8/2010,461.7,480.46,9.384
9/8/2010,472.7,492.05,9.427
6/8/2010,482.8,501.78,9.433
4/8/2010,486.7,504.16,9.299
3/8/2010,491.9,509.64,9.367
2/8/2010,491.6,508.27,9.331
30/7/2010,493.9,512.21,9.398
29/7/2010,491.1,508.64,9.421
28/7/2010,491,508.23,9.277
27/7/2010,497.7,513.23,9.459
26/7/2010,498.1,512.39,9.431
23/7/2010,500.3,515.39,9.359
22/7/2010,500.3,514.58,9.362
21/7/2010,505.4,518.66,9.387
20/7/2010,506.6,519.72,9.454
14/7/2010,507.3,523.57,9.57
12/7/2010,499.9,515.32,9.547
9/7/2010,499.5,514.84,9.568
8/7/2010,498.6,515.04,9.599
5/7/2010,506.5,523.94,9.585
1/7/2010,504,522.02,9.678
28/6/2010,507.3,520.86,9.864
23/6/2010,512.8,528.73,10.61
22/6/2010,512.6,530.97,10.577
18/6/2010,511.2,526.57,10.613
16/6/2010,510.7,523.83,10.632
14/6/2010,508.3,522.2,10.683
11/6/2010,504.3,519.51,10.69
10/6/2010,500.5,515.04,10.682
9/6/2010,497.6,511.01,10.724
8/6/2010,497.2,509.07,10.722
7/6/2010,496.9,509.95,10.748
4/6/2010,510.4,523.78,10.735
3/6/2010,511.2,524.09,10.745
2/6/2010,510.7,523.42,10.756
1/6/2010,508.7,522.05,10.755
31/5/2010,507.4,520.32,10.819
28/5/2010,513,527.32,10.827
27/5/2010,497.2,514.9,10.791
26/5/2010,492.7,512.14,10.852
24/5/2010,486.2,506.58,10.777
21/5/2010,483.7,496.24,10.871
20/5/2010,503.6,516.91,10.834
19/5/2010,494.9,504.76,10.928
18/5/2010,508.3,521.61,10.964
17/5/2010,511.3,523.76,10.962
13/5/2010,518.9,537.58,10.861
12/5/2010,519.6,535.58,10.859
11/5/2010,534.4,549.35,10.938
10/5/2010,534.4,547.38,10.957
7/5/2010,542,555.2,10.83
6/5/2010,549.5,562.56,10.98
28/4/2010,539.2,561.29,11.036
27/4/2010,535.7,560.04,11.01
26/4/2010,531.2,554.68,11.107
22/4/2010,529.3,551.44,11.119
21/4/2010,519.7,536.67,10.955
20/4/2010,515.2,534.12,11.086
19/4/2010,516.7,536.62,11.079
16/4/2010,522,541.88,11.086
15/4/2010,521.5,543.72,11.061
14/4/2010,516.2,538.31,11.059
13/4/2010,518,540.08,11.057
12/4/2010,519.9,542.37,11.055
8/4/2010,515.9,539.34,11.085
7/4/2010,515.8,539.96,11.076
6/4/2010,515.3,539.47,11.074
5/4/2010,514.8,539.87,10.945
2/4/2010,510.5,534.26,10.91
1/4/2010,508.2,531.49,10.878
31/3/2010,499.2,520.44,10.978
30/3/2010,500.7,521.83,10.934
26/3/2010,505.3,530.84,10.82
25/3/2010,503.4,529.28,10.889
24/3/2010,512.1,536.3,10.85
23/3/2010,506.5,530.42,10.917
22/3/2010,511.6,536.51,10.776
19/3/2010,516,542.82,10.914
18/3/2010,519.7,546.78,10.907
17/3/2010,510.9,537.97,10.733
16/3/2010,516.1,542.91,10.732
15/3/2010,531.9,559.88,10.536
12/3/2010,531.5,561.36,10.677
11/3/2010,524.6,555,10.811
10/3/2010,525.7,553.75,10.486
9/3/2010,527.3,553.07,10.426
8/3/2010,521.1,546.69,10.362
3/3/2010,507.3,529.41,10
2/3/2010,501,520.4,10
1/3/2010,503,522.5,10.127
26/2/2010,496.9,517.02,10.14
24/2/2010,494.6,521.93,10.133
23/2/2010,496.3,521.29,9.882
22/2/2010,510,536.57,9.883
10/2/2010,490.9,519.69,9.86
8/2/2010,491.2,521.39,10.117
5/2/2010,493,521.39,9.77
4/2/2010,503.8,534.61,9.909
3/2/2010,495.5,523.91,9.838
2/2/2010,487.9,514.93,9.971
1/2/2010,487,511.86,9.98
29/1/2010,482,504.97,9.946
28/1/2010,481.8,505.28,9.939
27/1/2010,486.4,511.32,9.929
25/1/2010,480.9,507.03,9.781
21/1/2010,478.4,503.53,9.918
19/1/2010,495.5,519.86,9.63
18/1/2010,487.1,508.79,9.703
15/1/2010,505.4,528.89,9.708
14/1/2010,512.3,538.11,9.703
13/1/2010,508.6,537.17,9.799
12/1/2010,498.3,523.61,9.798
8/1/2010,520.9,547.5,9.566
7/1/2010,533.3,560.61,9.565
6/1/2010,534.5,565.41,9.565
5/1/2010,532.5,566.65,9.433
4/1/2010,517.1,550.43,9.432
28/12/2009,492.6,526.56,9.788
25/12/2009,495.1,527.54,9.797
24/12/2009,479.1,510.01,9.607
22/12/2009,465.2,491.11,9.462
21/12/2009,461,481,9.464
18/12/2009,443.3,460.26,9.561
17/12/2009,434.9,456.87,9.558
16/12/2009,442.1,467.25,9.547
15/12/2009,459.4,489.69,9.599
14/12/2009,458.4,492.74,9.599
11/12/2009,444.2,479.32,9.306
10/12/2009,458.7,492.05,9.304
9/12/2009,470.6,503.71,9.368
8/12/2009,488.5,523.42,9.377
7/12/2009,498.6,534.07,9.34
4/12/2009,495,531.53,9.163
3/12/2009,494.8,533.45,9.163
2/12/2009,499.1,538.7,9.225
1/12/2009,514.9,554.61,9.301
30/11/2009,504.1,544.94,9.286
27/11/2009,490.6,526.21,9.286
26/11/2009,482.6,518.17,9.222
25/11/2009,503.4,538.32,9.149
24/11/2009,527.1,562.74,9.118
20/11/2009,555.8,592.36,9.234
19/11/2009,560.1,594.27,9.234
18/11/2009,553.8,585.63,9.14
17/11/2009,547.1,577.14,9.038
16/11/2009,545.7,573.61,9.234
13/11/2009,548.2,576.7,9.066
12/11/2009,546,575.25,9.057
10/11/2009,524.4,548.05,9.082
9/11/2009,534.1,554.02,9.059
6/11/2009,554.9,573.79,8.969
5/11/2009,555.5,574.79,8.965
2/11/2009,561.7,578.75,9.003
30/10/2009,587.1,606.31,8.918
29/10/2009,581.5,600.49,8.92
28/10/2009,599.9,616.66,9.08
27/10/2009,596.8,611.2,9.081
26/10/2009,609.3,621.83,8.98
23/10/2009,615.2,626.78,9.08
22/10/2009,624.1,636.78,8.98
21/10/2009,618.5,631.46,10.48
20/10/2009,616.6,627.97,8.981
19/10/2009,607.1,616.61,10.48
16/10/2009,609.5,619.37,8.7
15/10/2009,617.4,626.72,10.1
14/10/2009,605.7,615.47,8.7
13/10/2009,589.9,598.72,8.7
12/10/2009,594.3,604.52,8.6
9/10/2009,582,593.35,10.1
8/10/2009,571.8,585.55,10.1
7/10/2009,566.4,582.84,10.1
6/10/2009,552,567.67,9.6
5/10/2009,549,565.29,8.7
2/10/2009,549.7,564.25,8.7
1/10/2009,569,583.75,8.7
30/9/2009,580.9,594.12,8.7
29/9/2009,582.6,597.07,8.7
28/9/2009,582,597.09,9.6
25/9/2009,582.8,597.56,9.6
24/9/2009,574.8,589.57,8.6
23/9/2009,582.1,601.48,8.7
22/9/2009,582.9,604.19,8.7
21/9/2009,578,595.89,9.601
18/9/2009,571,587.13,9.599
17/9/2009,561.2,577.38,9.6
16/9/2009,557,570.69,8.7
15/9/2009,556.8,575.92,8.601
14/9/2009,556.6,576.99,8.7
26/8/2009,526,538.6,8.6
25/8/2009,528.9,541.37,8.65
24/8/2009,528.2,542.36,8.65
21/8/2009,519.2,534,8.65
20/8/2009,513.9,528.02,8.65
19/8/2009,508.5,521.24,8.65
18/8/2009,499.7,512.53,8.65
17/8/2009,500.1,513.04,8.65
14/8/2009,507,521.04,8.65
13/8/2009,503.6,517.08,8.65
12/8/2009,497.2,511.56,8.65
11/8/2009,494.2,507.75,8.65
10/8/2009,491.2,504.7,8.65
7/8/2009,480.7,493.91,8.65
6/8/2009,481.4,493.5,8.65
5/8/2009,481.3,491.55,8.65
4/8/2009,476.6,486.49,8.65
3/8/2009,467.9,478.76,8.65
31/7/2009,466.8,476.66,8.65
30/7/2009,451.9,461.28,8.65
29/7/2009,458,466.92,8.65
28/7/2009,463,471.11,8.65
27/7/2009,469.7,474.8,8.65
24/7/2009,454.7,459.03,8.65
23/7/2009,434.2,438.53,8.65
22/7/2009,419.5,424.15,8.65
21/7/2009,416.4,419.42,8.65
20/7/2009,412.9,415.43,8.65
17/7/2009,428.7,431.31,8.6
16/7/2009,433.5,434.87,8.6
15/7/2009,427.1,430.03,8.65
14/7/2009,418.6,419.24,8.65
13/7/2009,426.7,425.52,8.65
10/7/2009,438.8,435.1,8.65
9/7/2009,446.4,440.92,8.6
8/7/2009,446.8,439.97,8.65
7/7/2009,447.6,439.83,8.6
6/7/2009,454.3,445.47,8.6
3/7/2009,435.4,426.82,8.6
2/7/2009,433.8,423.32,8.6
1/7/2009,430,414.45,8.6
30/6/2009,448.3,432.87,8.6
29/6/2009,460.4,447.22,8.6
26/6/2009,461.4,450.23,8.8
25/6/2009,453.8,442.65,8.8
24/6/2009,456.2,443,8.8
23/6/2009,438.6,425.85,8.8
22/6/2009,458.1,444.96,8.8
19/6/2009,475.2,461.26,8.8
18/6/2009,479.3,464.18,8.8
17/6/2009,472.5,459.37,8.8
16/6/2009,472,456.6,8.6
15/6/2009,493.5,478.01,8.8
12/6/2009,509.6,497.75,8.8
11/6/2009,511.3,503.7,8.6
10/6/2009,497.5,490.91,8.8
9/6/2009,512.5,508.48,8.8
8/6/2009,501.5,499.45,8.8
5/6/2009,478.7,476.81,8.8
4/6/2009,458.2,456.87,8.6
3/6/2009,444.8,446,8.8
2/6/2009,440.6,445.51,8.6
1/6/2009,426.4,430.67,8.8
29/5/2009,411.6,416.94,8.4
28/5/2009,415.5,420.56,8.4
27/5/2009,425.2,429.98,8.4
26/5/2009,425,429.07,8.4
25/5/2009,421.8,425.9,8.4
22/5/2009,404.6,408.4,8.4
21/5/2009,412.5,414.96,8.4
20/5/2009,410.4,418.67,8.4
19/5/2009,400.9,408.94,8.4
18/5/2009,390.9,398.18,8.4
15/5/2009,390.2,398.16,8.4
14/5/2009,376.8,385.31,8.4
13/5/2009,378.3,389.22,8.4
12/5/2009,382,397.61,8.4
11/5/2009,373,387.78,8.4
8/5/2009,366.2,379.74,8.4
7/5/2009,363.9,375.21,8.4
6/5/2009,350.1,359.81,8.4
5/5/2009,351.3,357.02,8.4
4/5/2009,336.6,340.99,8.4
29/4/2009,321.6,325.52,8.4
28/4/2009,315.7,318.11,8.4
27/4/2009,313.7,316.22,8.4
24/4/2009,309.9,312.08,8.4
23/4/2009,315.2,318,8.4
22/4/2009,321.9,325.02,8.4
21/4/2009,312.8,315.98,8.4
20/4/2009,318.9,323.58,8.4
17/4/2009,334.1,339.28,8.4
16/4/2009,343.9,351.12,8.4
15/4/2009,339.3,344.31,8.4
14/4/2009,347.1,350.3,8.4
13/4/2009,340.01,342.3,8.4
10/4/2009,325.1,326.97,8.4
9/4/2009,311.7,312.95,8.4
8/4/2009,313.8,314.82,8.4
7/4/2009,322.4,323.32,8.4
3/4/2009,310.3,310.82,8.6
2/4/2009,297.3,297.25,8.6
1/4/2009,289.5,287.44,8.6
31/3/2009,280.7,276.99,8.6
30/3/2009,282.38,280.36,8.6
27/3/2009,286.3,285.95,8.8
25/3/2009,277.6,274.67,8.8
23/3/2009,260.16,254.82,8.8
20/3/2009,266.62,261.39,8.8
19/3/2009,267.04,261.42,8.8